datetime,TOWNNAME,COUNTYNAME,total_flood_loss
2025-01-01,中埔鄉,嘉義縣,0.0
2025-01-01,二林鎮,彰化縣,0.0
2025-01-01,二水鄉,彰化縣,0.0
2025-01-01,佳冬鄉,屏東縣,0.0
2025-01-01,元長鄉,雲林縣,0.0
2025-01-01,光復鄉,花蓮縣,0.0
2025-01-01,六腳鄉,嘉義縣,0.0
2025-01-01,北港鎮,雲林縣,0.0
2025-01-01,北門區,臺南市,0.0
2025-01-01,卓溪鄉,花蓮縣,0.0
2025-01-01,南州鄉,屏東縣,0.0
2025-01-01,南投市,南投縣,0.0
2025-01-01,口湖鄉,雲林縣,0.0
2025-01-01,和美鎮,彰化縣,0.0
2025-01-01,員林市,彰化縣,0.0
2025-01-01,四湖鄉,雲林縣,0.0
2025-01-01,土庫鎮,雲林縣,0.0
2025-01-01,埔里鎮,南投縣,0.0
2025-01-01,埔鹽鄉,彰化縣,0.0
2025-01-01,壽豐鄉,花蓮縣,0.0
2025-01-01,大內區,臺南市,0.0
2025-01-01,大城鄉,彰化縣,0.0
2025-01-01,大埤鄉,雲林縣,0.0
2025-01-01,大村鄉,彰化縣,0.0
2025-01-01,太保市,嘉義縣,0.0
2025-01-01,富里鄉,花蓮縣,0.0
2025-01-01,左鎮區,臺南市,0.0
2025-01-01,布袋鎮,嘉義縣,0.0
2025-01-01,彰化市,彰化縣,0.0
2025-01-01,恆春鎮,屏東縣,0.0
2025-01-01,斗六市,雲林縣,0.0
2025-01-01,斗南鎮,雲林縣,0.0
2025-01-01,新城鄉,花蓮縣,0.0
2025-01-01,新港鄉,嘉義縣,0.0
2025-01-01,新營區,臺南市,0.0
2025-01-01,旗山區,高雄市,0.0
2025-01-01,朴子市,嘉義縣,0.0
2025-01-01,東勢鄉,雲林縣,0.0
2025-01-01,東區,新竹市,0.0
2025-01-01,東港鎮,屏東縣,0.0
2025-01-01,東石鄉,嘉義縣,0.0
2025-01-01,枋寮鄉,屏東縣,0.0
2025-01-01,林邊鄉,屏東縣,0.0
2025-01-01,梅山鄉,嘉義縣,0.0
2025-01-01,民雄鄉,嘉義縣,0.0
2025-01-01,水上鄉,嘉義縣,0.0
2025-01-01,水林鄉,雲林縣,0.0
2025-01-01,溪口鄉,嘉義縣,0.0
2025-01-01,溪湖鎮,彰化縣,0.0
2025-01-01,玉里鎮,花蓮縣,0.0
2025-01-01,田中鎮,彰化縣,0.0
2025-01-01,田尾鄉,彰化縣,0.0
2025-01-01,番路鄉,嘉義縣,0.0
2025-01-01,白河區,臺南市,0.0
2025-01-01,社頭鄉,彰化縣,0.0
2025-01-01,福興鄉,彰化縣,0.0
2025-01-01,秀水鄉,彰化縣,0.0
2025-01-01,竹崎鄉,嘉義縣,0.0
2025-01-01,線西鄉,彰化縣,0.0
2025-01-01,美濃區,高雄市,0.0
2025-01-01,義竹鄉,嘉義縣,0.0
2025-01-01,臺東市,臺東縣,0.0
2025-01-01,臺西鄉,雲林縣,0.0
2025-01-01,花蓮市,花蓮縣,0.0
2025-01-01,芳苑鄉,彰化縣,0.0
2025-01-01,草屯鎮,南投縣,0.0
2025-01-01,萬榮鄉,花蓮縣,0.0
2025-01-01,虎尾鎮,雲林縣,0.0
2025-01-01,褒忠鄉,雲林縣,0.0
2025-01-01,西區,嘉義市,0.0
2025-01-01,豐濱鄉,花蓮縣,0.0
2025-01-01,長治鄉,屏東縣,0.0
2025-01-01,鳳林鎮,花蓮縣,0.0
2025-01-01,鹽水區,臺南市,0.0
2025-01-01,鹿港鎮,彰化縣,0.0
2025-01-01,鹿草鄉,嘉義縣,0.0
2025-01-01,麥寮鄉,雲林縣,0.0
2025-01-02,中埔鄉,嘉義縣,0.0
2025-01-02,二林鎮,彰化縣,0.0
2025-01-02,二水鄉,彰化縣,0.0
2025-01-02,佳冬鄉,屏東縣,0.0
2025-01-02,元長鄉,雲林縣,0.0
2025-01-02,光復鄉,花蓮縣,0.0
2025-01-02,六腳鄉,嘉義縣,0.0
2025-01-02,北港鎮,雲林縣,0.0
2025-01-02,北門區,臺南市,0.0
2025-01-02,卓溪鄉,花蓮縣,0.0
2025-01-02,南州鄉,屏東縣,0.0
2025-01-02,南投市,南投縣,0.0
2025-01-02,口湖鄉,雲林縣,0.0
2025-01-02,和美鎮,彰化縣,0.0
2025-01-02,員林市,彰化縣,0.0
2025-01-02,四湖鄉,雲林縣,0.0
2025-01-02,土庫鎮,雲林縣,0.0
2025-01-02,埔里鎮,南投縣,0.0
2025-01-02,埔鹽鄉,彰化縣,0.0
2025-01-02,壽豐鄉,花蓮縣,0.0
2025-01-02,大內區,臺南市,0.0
2025-01-02,大城鄉,彰化縣,0.0
2025-01-02,大埤鄉,雲林縣,0.0
2025-01-02,大村鄉,彰化縣,0.0
2025-01-02,太保市,嘉義縣,0.0
2025-01-02,富里鄉,花蓮縣,0.0
2025-01-02,左鎮區,臺南市,0.0
2025-01-02,布袋鎮,嘉義縣,0.0
2025-01-02,彰化市,彰化縣,0.0
2025-01-02,恆春鎮,屏東縣,0.0
2025-01-02,斗六市,雲林縣,0.0
2025-01-02,斗南鎮,雲林縣,0.0
2025-01-02,新城鄉,花蓮縣,0.0
2025-01-02,新港鄉,嘉義縣,0.0
2025-01-02,新營區,臺南市,0.0
2025-01-02,旗山區,高雄市,0.0
2025-01-02,朴子市,嘉義縣,0.0
2025-01-02,東勢鄉,雲林縣,0.0
2025-01-02,東區,新竹市,0.0
2025-01-02,東港鎮,屏東縣,0.0
2025-01-02,東石鄉,嘉義縣,0.0
2025-01-02,枋寮鄉,屏東縣,0.0
2025-01-02,林邊鄉,屏東縣,0.0
2025-01-02,梅山鄉,嘉義縣,0.0
2025-01-02,民雄鄉,嘉義縣,0.0
2025-01-02,水上鄉,嘉義縣,0.0
2025-01-02,水林鄉,雲林縣,0.0
2025-01-02,溪口鄉,嘉義縣,0.0
2025-01-02,溪湖鎮,彰化縣,0.0
2025-01-02,玉里鎮,花蓮縣,0.0
2025-01-02,田中鎮,彰化縣,0.0
2025-01-02,田尾鄉,彰化縣,0.0
2025-01-02,番路鄉,嘉義縣,0.0
2025-01-02,白河區,臺南市,0.0
2025-01-02,社頭鄉,彰化縣,0.0
2025-01-02,福興鄉,彰化縣,0.0
2025-01-02,秀水鄉,彰化縣,0.0
2025-01-02,竹崎鄉,嘉義縣,0.0
2025-01-02,線西鄉,彰化縣,0.0
2025-01-02,美濃區,高雄市,0.0
2025-01-02,義竹鄉,嘉義縣,0.0
2025-01-02,臺東市,臺東縣,0.0
2025-01-02,臺西鄉,雲林縣,0.0
2025-01-02,花蓮市,花蓮縣,0.0
2025-01-02,芳苑鄉,彰化縣,0.0
2025-01-02,草屯鎮,南投縣,0.0
2025-01-02,萬榮鄉,花蓮縣,0.0
2025-01-02,虎尾鎮,雲林縣,0.0
2025-01-02,褒忠鄉,雲林縣,0.0
2025-01-02,西區,嘉義市,0.0
2025-01-02,豐濱鄉,花蓮縣,0.0
2025-01-02,長治鄉,屏東縣,0.0
2025-01-02,鳳林鎮,花蓮縣,0.0
2025-01-02,鹽水區,臺南市,0.0
2025-01-02,鹿港鎮,彰化縣,0.0
2025-01-02,鹿草鄉,嘉義縣,0.0
2025-01-02,麥寮鄉,雲林縣,0.0
2025-01-03,中埔鄉,嘉義縣,0.0
2025-01-03,二林鎮,彰化縣,0.0
2025-01-03,二水鄉,彰化縣,0.0
2025-01-03,佳冬鄉,屏東縣,0.0
2025-01-03,元長鄉,雲林縣,0.0
2025-01-03,光復鄉,花蓮縣,0.0
2025-01-03,六腳鄉,嘉義縣,0.0
2025-01-03,北港鎮,雲林縣,0.0
2025-01-03,北門區,臺南市,0.0
2025-01-03,卓溪鄉,花蓮縣,0.0
2025-01-03,南州鄉,屏東縣,0.0
2025-01-03,南投市,南投縣,0.0
2025-01-03,口湖鄉,雲林縣,0.0
2025-01-03,和美鎮,彰化縣,0.0
2025-01-03,員林市,彰化縣,0.0
2025-01-03,四湖鄉,雲林縣,0.0
2025-01-03,土庫鎮,雲林縣,0.0
2025-01-03,埔里鎮,南投縣,0.0
2025-01-03,埔鹽鄉,彰化縣,0.0
2025-01-03,壽豐鄉,花蓮縣,0.0
2025-01-03,大內區,臺南市,0.0
2025-01-03,大城鄉,彰化縣,0.0
2025-01-03,大埤鄉,雲林縣,0.0
2025-01-03,大村鄉,彰化縣,0.0
2025-01-03,太保市,嘉義縣,0.0
2025-01-03,富里鄉,花蓮縣,0.0
2025-01-03,左鎮區,臺南市,0.0
2025-01-03,布袋鎮,嘉義縣,0.0
2025-01-03,彰化市,彰化縣,0.0
2025-01-03,恆春鎮,屏東縣,0.0
2025-01-03,斗六市,雲林縣,0.0
2025-01-03,斗南鎮,雲林縣,0.0
2025-01-03,新城鄉,花蓮縣,0.0
2025-01-03,新港鄉,嘉義縣,0.0
2025-01-03,新營區,臺南市,0.0
2025-01-03,旗山區,高雄市,0.0
2025-01-03,朴子市,嘉義縣,0.0
2025-01-03,東勢鄉,雲林縣,0.0
2025-01-03,東區,新竹市,0.0
2025-01-03,東港鎮,屏東縣,0.0
2025-01-03,東石鄉,嘉義縣,0.0
2025-01-03,枋寮鄉,屏東縣,0.0
2025-01-03,林邊鄉,屏東縣,0.0
2025-01-03,梅山鄉,嘉義縣,0.0
2025-01-03,民雄鄉,嘉義縣,0.0
2025-01-03,水上鄉,嘉義縣,0.0
2025-01-03,水林鄉,雲林縣,0.0
2025-01-03,溪口鄉,嘉義縣,0.0
2025-01-03,溪湖鎮,彰化縣,0.0
2025-01-03,玉里鎮,花蓮縣,0.0
2025-01-03,田中鎮,彰化縣,0.0
2025-01-03,田尾鄉,彰化縣,0.0
2025-01-03,番路鄉,嘉義縣,0.0
2025-01-03,白河區,臺南市,0.0
2025-01-03,社頭鄉,彰化縣,0.0
2025-01-03,福興鄉,彰化縣,0.0
2025-01-03,秀水鄉,彰化縣,0.0
2025-01-03,竹崎鄉,嘉義縣,0.0
2025-01-03,線西鄉,彰化縣,0.0
2025-01-03,美濃區,高雄市,0.0
2025-01-03,義竹鄉,嘉義縣,0.0
2025-01-03,臺東市,臺東縣,0.0
2025-01-03,臺西鄉,雲林縣,0.0
2025-01-03,花蓮市,花蓮縣,0.0
2025-01-03,芳苑鄉,彰化縣,0.0
2025-01-03,草屯鎮,南投縣,0.0
2025-01-03,萬榮鄉,花蓮縣,0.0
2025-01-03,虎尾鎮,雲林縣,0.0
2025-01-03,褒忠鄉,雲林縣,0.0
2025-01-03,西區,嘉義市,0.0
2025-01-03,豐濱鄉,花蓮縣,0.0
2025-01-03,長治鄉,屏東縣,0.0
2025-01-03,鳳林鎮,花蓮縣,0.0
2025-01-03,鹽水區,臺南市,0.0
2025-01-03,鹿港鎮,彰化縣,0.0
2025-01-03,鹿草鄉,嘉義縣,0.0
2025-01-03,麥寮鄉,雲林縣,0.0
2025-01-04,中埔鄉,嘉義縣,0.0
2025-01-04,二林鎮,彰化縣,0.0
2025-01-04,二水鄉,彰化縣,0.0
2025-01-04,佳冬鄉,屏東縣,0.0
2025-01-04,元長鄉,雲林縣,0.0
2025-01-04,光復鄉,花蓮縣,0.0
2025-01-04,六腳鄉,嘉義縣,0.0
2025-01-04,北港鎮,雲林縣,0.0
2025-01-04,北門區,臺南市,0.0
2025-01-04,卓溪鄉,花蓮縣,0.0
2025-01-04,南州鄉,屏東縣,0.0
2025-01-04,南投市,南投縣,0.0
2025-01-04,口湖鄉,雲林縣,0.0
2025-01-04,和美鎮,彰化縣,0.0
2025-01-04,員林市,彰化縣,0.0
2025-01-04,四湖鄉,雲林縣,0.0
2025-01-04,土庫鎮,雲林縣,0.0
2025-01-04,埔里鎮,南投縣,0.0
2025-01-04,埔鹽鄉,彰化縣,0.0
2025-01-04,壽豐鄉,花蓮縣,0.0
2025-01-04,大內區,臺南市,0.0
2025-01-04,大城鄉,彰化縣,0.0
2025-01-04,大埤鄉,雲林縣,0.0
2025-01-04,大村鄉,彰化縣,0.0
2025-01-04,太保市,嘉義縣,0.0
2025-01-04,富里鄉,花蓮縣,0.0
2025-01-04,左鎮區,臺南市,0.0
2025-01-04,布袋鎮,嘉義縣,0.0
2025-01-04,彰化市,彰化縣,0.0
2025-01-04,恆春鎮,屏東縣,0.0
2025-01-04,斗六市,雲林縣,0.0
2025-01-04,斗南鎮,雲林縣,0.0
2025-01-04,新城鄉,花蓮縣,0.0
2025-01-04,新港鄉,嘉義縣,0.0
2025-01-04,新營區,臺南市,0.0
2025-01-04,旗山區,高雄市,0.0
2025-01-04,朴子市,嘉義縣,0.0
2025-01-04,東勢鄉,雲林縣,0.0
2025-01-04,東區,新竹市,0.0
2025-01-04,東港鎮,屏東縣,0.0
2025-01-04,東石鄉,嘉義縣,0.0
2025-01-04,枋寮鄉,屏東縣,0.0
2025-01-04,林邊鄉,屏東縣,0.0
2025-01-04,梅山鄉,嘉義縣,0.0
2025-01-04,民雄鄉,嘉義縣,0.0
2025-01-04,水上鄉,嘉義縣,0.0
2025-01-04,水林鄉,雲林縣,0.0
2025-01-04,溪口鄉,嘉義縣,0.0
2025-01-04,溪湖鎮,彰化縣,0.0
2025-01-04,玉里鎮,花蓮縣,0.0
2025-01-04,田中鎮,彰化縣,0.0
2025-01-04,田尾鄉,彰化縣,0.0
2025-01-04,番路鄉,嘉義縣,0.0
2025-01-04,白河區,臺南市,0.0
2025-01-04,社頭鄉,彰化縣,0.0
2025-01-04,福興鄉,彰化縣,0.0
2025-01-04,秀水鄉,彰化縣,0.0
2025-01-04,竹崎鄉,嘉義縣,0.0
2025-01-04,線西鄉,彰化縣,0.0
2025-01-04,美濃區,高雄市,0.0
2025-01-04,義竹鄉,嘉義縣,0.0
2025-01-04,臺東市,臺東縣,0.0
2025-01-04,臺西鄉,雲林縣,0.0
2025-01-04,花蓮市,花蓮縣,0.0
2025-01-04,芳苑鄉,彰化縣,0.0
2025-01-04,草屯鎮,南投縣,0.0
2025-01-04,萬榮鄉,花蓮縣,0.0
2025-01-04,虎尾鎮,雲林縣,0.0
2025-01-04,褒忠鄉,雲林縣,0.0
2025-01-04,西區,嘉義市,0.0
2025-01-04,豐濱鄉,花蓮縣,0.0
2025-01-04,長治鄉,屏東縣,0.0
2025-01-04,鳳林鎮,花蓮縣,0.0
2025-01-04,鹽水區,臺南市,0.0
2025-01-04,鹿港鎮,彰化縣,0.0
2025-01-04,鹿草鄉,嘉義縣,0.0
2025-01-04,麥寮鄉,雲林縣,0.0
2025-01-05,中埔鄉,嘉義縣,0.0
2025-01-05,二林鎮,彰化縣,0.0
2025-01-05,二水鄉,彰化縣,0.0
2025-01-05,佳冬鄉,屏東縣,0.0
2025-01-05,元長鄉,雲林縣,0.0
2025-01-05,光復鄉,花蓮縣,0.0
2025-01-05,六腳鄉,嘉義縣,0.0
2025-01-05,北港鎮,雲林縣,0.0
2025-01-05,北門區,臺南市,0.0
2025-01-05,卓溪鄉,花蓮縣,0.0
2025-01-05,南州鄉,屏東縣,0.0
2025-01-05,南投市,南投縣,0.0
2025-01-05,口湖鄉,雲林縣,0.0
2025-01-05,和美鎮,彰化縣,0.0
2025-01-05,員林市,彰化縣,0.0
2025-01-05,四湖鄉,雲林縣,0.0
2025-01-05,土庫鎮,雲林縣,0.0
2025-01-05,埔里鎮,南投縣,0.0
2025-01-05,埔鹽鄉,彰化縣,0.0
2025-01-05,壽豐鄉,花蓮縣,0.0
2025-01-05,大內區,臺南市,0.0
2025-01-05,大城鄉,彰化縣,0.0
2025-01-05,大埤鄉,雲林縣,0.0
2025-01-05,大村鄉,彰化縣,0.0
2025-01-05,太保市,嘉義縣,0.0
2025-01-05,富里鄉,花蓮縣,0.0
2025-01-05,左鎮區,臺南市,0.0
2025-01-05,布袋鎮,嘉義縣,0.0
2025-01-05,彰化市,彰化縣,0.0
2025-01-05,恆春鎮,屏東縣,0.0
2025-01-05,斗六市,雲林縣,0.0
2025-01-05,斗南鎮,雲林縣,0.0
2025-01-05,新城鄉,花蓮縣,0.0
2025-01-05,新港鄉,嘉義縣,0.0
2025-01-05,新營區,臺南市,0.0
2025-01-05,旗山區,高雄市,0.0
2025-01-05,朴子市,嘉義縣,0.0
2025-01-05,東勢鄉,雲林縣,0.0
2025-01-05,東區,新竹市,0.0
2025-01-05,東港鎮,屏東縣,0.0
2025-01-05,東石鄉,嘉義縣,0.0
2025-01-05,枋寮鄉,屏東縣,0.0
2025-01-05,林邊鄉,屏東縣,0.0
2025-01-05,梅山鄉,嘉義縣,0.0
2025-01-05,民雄鄉,嘉義縣,0.0
2025-01-05,水上鄉,嘉義縣,0.0
2025-01-05,水林鄉,雲林縣,0.0
2025-01-05,溪口鄉,嘉義縣,0.0
2025-01-05,溪湖鎮,彰化縣,0.0
2025-01-05,玉里鎮,花蓮縣,0.0
2025-01-05,田中鎮,彰化縣,0.0
2025-01-05,田尾鄉,彰化縣,0.0
2025-01-05,白河區,臺南市,0.0
2025-01-05,社頭鄉,彰化縣,0.0
2025-01-05,福興鄉,彰化縣,0.0
2025-01-05,秀水鄉,彰化縣,0.0
2025-01-05,竹崎鄉,嘉義縣,0.0
2025-01-05,線西鄉,彰化縣,0.0
2025-01-05,美濃區,高雄市,0.0
2025-01-05,義竹鄉,嘉義縣,0.0
2025-01-05,臺東市,臺東縣,0.0
2025-01-05,臺西鄉,雲林縣,0.0
2025-01-05,花蓮市,花蓮縣,0.0
2025-01-05,芳苑鄉,彰化縣,0.0
2025-01-05,草屯鎮,南投縣,0.0
2025-01-05,萬榮鄉,花蓮縣,0.0
2025-01-05,虎尾鎮,雲林縣,0.0
2025-01-05,褒忠鄉,雲林縣,0.0
2025-01-05,西區,嘉義市,0.0
2025-01-05,豐濱鄉,花蓮縣,0.0
2025-01-05,長治鄉,屏東縣,0.0
2025-01-05,鳳林鎮,花蓮縣,0.0
2025-01-05,鹽水區,臺南市,0.0
2025-01-05,鹿港鎮,彰化縣,0.0
2025-01-05,鹿草鄉,嘉義縣,0.0
2025-01-05,麥寮鄉,雲林縣,0.0
2025-01-06,中埔鄉,嘉義縣,0.0
2025-01-06,二林鎮,彰化縣,0.0
2025-01-06,二水鄉,彰化縣,0.0
2025-01-06,佳冬鄉,屏東縣,0.0
2025-01-06,元長鄉,雲林縣,0.0
2025-01-06,光復鄉,花蓮縣,0.0
2025-01-06,六腳鄉,嘉義縣,0.0
2025-01-06,北港鎮,雲林縣,0.0
2025-01-06,北門區,臺南市,0.0
2025-01-06,卓溪鄉,花蓮縣,0.0
2025-01-06,南州鄉,屏東縣,0.0
2025-01-06,南投市,南投縣,0.0
2025-01-06,口湖鄉,雲林縣,0.0
2025-01-06,和美鎮,彰化縣,0.0
2025-01-06,員林市,彰化縣,0.0
2025-01-06,四湖鄉,雲林縣,0.0
2025-01-06,土庫鎮,雲林縣,0.0
2025-01-06,埔里鎮,南投縣,0.0
2025-01-06,埔鹽鄉,彰化縣,0.0
2025-01-06,壽豐鄉,花蓮縣,0.0
2025-01-06,大內區,臺南市,0.0
2025-01-06,大城鄉,彰化縣,0.0
2025-01-06,大埤鄉,雲林縣,0.0
2025-01-06,大村鄉,彰化縣,0.0
2025-01-06,太保市,嘉義縣,0.0
2025-01-06,富里鄉,花蓮縣,0.0
2025-01-06,左鎮區,臺南市,0.0
2025-01-06,布袋鎮,嘉義縣,0.0
2025-01-06,彰化市,彰化縣,0.0
2025-01-06,恆春鎮,屏東縣,0.0
2025-01-06,斗六市,雲林縣,0.0
2025-01-06,斗南鎮,雲林縣,0.0
2025-01-06,新城鄉,花蓮縣,0.0
2025-01-06,新港鄉,嘉義縣,0.0
2025-01-06,新營區,臺南市,0.0
2025-01-06,旗山區,高雄市,0.0
2025-01-06,朴子市,嘉義縣,0.0
2025-01-06,東勢鄉,雲林縣,0.0
2025-01-06,東區,新竹市,0.0
2025-01-06,東港鎮,屏東縣,0.0
2025-01-06,東石鄉,嘉義縣,0.0
2025-01-06,枋寮鄉,屏東縣,0.0
2025-01-06,林邊鄉,屏東縣,0.0
2025-01-06,梅山鄉,嘉義縣,0.0
2025-01-06,民雄鄉,嘉義縣,0.0
2025-01-06,水上鄉,嘉義縣,0.0
2025-01-06,水林鄉,雲林縣,0.0
2025-01-06,溪口鄉,嘉義縣,0.0
2025-01-06,溪湖鎮,彰化縣,0.0
2025-01-06,玉里鎮,花蓮縣,0.0
2025-01-06,田中鎮,彰化縣,0.0
2025-01-06,田尾鄉,彰化縣,0.0
2025-01-06,白河區,臺南市,0.0
2025-01-06,社頭鄉,彰化縣,0.0
2025-01-06,福興鄉,彰化縣,0.0
2025-01-06,秀水鄉,彰化縣,0.0
2025-01-06,竹崎鄉,嘉義縣,0.0
2025-01-06,線西鄉,彰化縣,0.0
2025-01-06,美濃區,高雄市,0.0
2025-01-06,義竹鄉,嘉義縣,0.0
2025-01-06,臺東市,臺東縣,0.0
2025-01-06,臺西鄉,雲林縣,0.0
2025-01-06,花蓮市,花蓮縣,0.0
2025-01-06,芳苑鄉,彰化縣,0.0
2025-01-06,草屯鎮,南投縣,0.0
2025-01-06,萬榮鄉,花蓮縣,0.0
2025-01-06,虎尾鎮,雲林縣,0.0
2025-01-06,褒忠鄉,雲林縣,0.0
2025-01-06,西區,嘉義市,0.0
2025-01-06,豐濱鄉,花蓮縣,0.0
2025-01-06,長治鄉,屏東縣,0.0
2025-01-06,鳳林鎮,花蓮縣,0.0
2025-01-06,鹽水區,臺南市,0.0
2025-01-06,鹿港鎮,彰化縣,0.0
2025-01-06,鹿草鄉,嘉義縣,0.0
2025-01-06,麥寮鄉,雲林縣,0.0
2025-01-07,中埔鄉,嘉義縣,0.0
2025-01-07,二林鎮,彰化縣,0.0
2025-01-07,二水鄉,彰化縣,0.0
2025-01-07,佳冬鄉,屏東縣,0.0
2025-01-07,元長鄉,雲林縣,0.0
2025-01-07,光復鄉,花蓮縣,0.0
2025-01-07,六腳鄉,嘉義縣,0.0
2025-01-07,北港鎮,雲林縣,0.0
2025-01-07,北門區,臺南市,0.0
2025-01-07,卓溪鄉,花蓮縣,0.0
2025-01-07,南州鄉,屏東縣,0.0
2025-01-07,南投市,南投縣,0.0
2025-01-07,口湖鄉,雲林縣,0.0
2025-01-07,和美鎮,彰化縣,0.0
2025-01-07,員林市,彰化縣,0.0
2025-01-07,四湖鄉,雲林縣,0.0
2025-01-07,土庫鎮,雲林縣,0.0
2025-01-07,埔里鎮,南投縣,0.0
2025-01-07,埔鹽鄉,彰化縣,0.0
2025-01-07,壽豐鄉,花蓮縣,0.0
2025-01-07,大內區,臺南市,0.0
2025-01-07,大城鄉,彰化縣,0.0
2025-01-07,大埤鄉,雲林縣,0.0
2025-01-07,大村鄉,彰化縣,0.0
2025-01-07,太保市,嘉義縣,0.0
2025-01-07,富里鄉,花蓮縣,0.0
2025-01-07,左鎮區,臺南市,0.0
2025-01-07,布袋鎮,嘉義縣,0.0
2025-01-07,彰化市,彰化縣,0.0
2025-01-07,恆春鎮,屏東縣,0.0
2025-01-07,斗六市,雲林縣,0.0
2025-01-07,斗南鎮,雲林縣,0.0
2025-01-07,新城鄉,花蓮縣,0.0
2025-01-07,新港鄉,嘉義縣,0.0
2025-01-07,新營區,臺南市,0.0
2025-01-07,旗山區,高雄市,0.0
2025-01-07,朴子市,嘉義縣,0.0
2025-01-07,東勢鄉,雲林縣,0.0
2025-01-07,東區,新竹市,0.0
2025-01-07,東港鎮,屏東縣,0.0
2025-01-07,東石鄉,嘉義縣,0.0
2025-01-07,枋寮鄉,屏東縣,0.0
2025-01-07,林邊鄉,屏東縣,0.0
2025-01-07,梅山鄉,嘉義縣,0.0
2025-01-07,民雄鄉,嘉義縣,0.0
2025-01-07,水上鄉,嘉義縣,0.0
2025-01-07,水林鄉,雲林縣,0.0
2025-01-07,溪口鄉,嘉義縣,0.0
2025-01-07,溪湖鎮,彰化縣,0.0
2025-01-07,玉里鎮,花蓮縣,0.0
2025-01-07,田中鎮,彰化縣,0.0
2025-01-07,田尾鄉,彰化縣,0.0
2025-01-07,白河區,臺南市,0.0
2025-01-07,社頭鄉,彰化縣,0.0
2025-01-07,福興鄉,彰化縣,0.0
2025-01-07,秀水鄉,彰化縣,0.0
2025-01-07,竹崎鄉,嘉義縣,0.0
2025-01-07,線西鄉,彰化縣,0.0
2025-01-07,美濃區,高雄市,0.0
2025-01-07,義竹鄉,嘉義縣,0.0
2025-01-07,臺東市,臺東縣,0.0
2025-01-07,臺西鄉,雲林縣,0.0
2025-01-07,花蓮市,花蓮縣,0.0
2025-01-07,芳苑鄉,彰化縣,0.0
2025-01-07,草屯鎮,南投縣,0.0
2025-01-07,萬榮鄉,花蓮縣,0.0
2025-01-07,虎尾鎮,雲林縣,0.0
2025-01-07,褒忠鄉,雲林縣,0.0
2025-01-07,西區,嘉義市,0.0
2025-01-07,豐濱鄉,花蓮縣,0.0
2025-01-07,長治鄉,屏東縣,0.0
2025-01-07,鳳林鎮,花蓮縣,0.0
2025-01-07,鹽水區,臺南市,0.0
2025-01-07,鹿港鎮,彰化縣,0.0
2025-01-07,鹿草鄉,嘉義縣,0.0
2025-01-07,麥寮鄉,雲林縣,0.0
2025-01-08,中埔鄉,嘉義縣,0.0
2025-01-08,二林鎮,彰化縣,0.0
2025-01-08,二水鄉,彰化縣,0.0
2025-01-08,佳冬鄉,屏東縣,0.0
2025-01-08,元長鄉,雲林縣,0.0
2025-01-08,光復鄉,花蓮縣,0.0
2025-01-08,六腳鄉,嘉義縣,0.0
2025-01-08,北港鎮,雲林縣,0.0
2025-01-08,北門區,臺南市,0.0
2025-01-08,卓溪鄉,花蓮縣,0.0
2025-01-08,南州鄉,屏東縣,0.0
2025-01-08,南投市,南投縣,0.0
2025-01-08,口湖鄉,雲林縣,0.0
2025-01-08,和美鎮,彰化縣,0.0
2025-01-08,員林市,彰化縣,0.0
2025-01-08,四湖鄉,雲林縣,0.0
2025-01-08,土庫鎮,雲林縣,0.0
2025-01-08,埔里鎮,南投縣,0.0
2025-01-08,埔鹽鄉,彰化縣,0.0
2025-01-08,壽豐鄉,花蓮縣,0.0
2025-01-08,大內區,臺南市,0.0
2025-01-08,大城鄉,彰化縣,0.0
2025-01-08,大埤鄉,雲林縣,0.0
2025-01-08,大村鄉,彰化縣,0.0
2025-01-08,太保市,嘉義縣,0.0
2025-01-08,富里鄉,花蓮縣,0.0
2025-01-08,左鎮區,臺南市,0.0
2025-01-08,布袋鎮,嘉義縣,0.0
2025-01-08,彰化市,彰化縣,0.0
2025-01-08,恆春鎮,屏東縣,0.0
2025-01-08,斗六市,雲林縣,0.0
2025-01-08,斗南鎮,雲林縣,0.0
2025-01-08,新城鄉,花蓮縣,0.0
2025-01-08,新港鄉,嘉義縣,0.0
2025-01-08,新營區,臺南市,0.0
2025-01-08,旗山區,高雄市,0.0
2025-01-08,朴子市,嘉義縣,0.0
2025-01-08,東勢鄉,雲林縣,0.0
2025-01-08,東區,新竹市,0.0
2025-01-08,東港鎮,屏東縣,0.0
2025-01-08,東石鄉,嘉義縣,0.0
2025-01-08,枋寮鄉,屏東縣,0.0
2025-01-08,林邊鄉,屏東縣,0.0
2025-01-08,梅山鄉,嘉義縣,0.0
2025-01-08,民雄鄉,嘉義縣,0.0
2025-01-08,水上鄉,嘉義縣,0.0
2025-01-08,水林鄉,雲林縣,0.0
2025-01-08,溪口鄉,嘉義縣,0.0
2025-01-08,溪湖鎮,彰化縣,0.0
2025-01-08,玉里鎮,花蓮縣,0.0
2025-01-08,田中鎮,彰化縣,0.0
2025-01-08,田尾鄉,彰化縣,0.0
2025-01-08,番路鄉,嘉義縣,0.0
2025-01-08,白河區,臺南市,0.0
2025-01-08,社頭鄉,彰化縣,0.0
2025-01-08,福興鄉,彰化縣,0.0
2025-01-08,秀水鄉,彰化縣,0.0
2025-01-08,竹崎鄉,嘉義縣,0.0
2025-01-08,線西鄉,彰化縣,0.0
2025-01-08,美濃區,高雄市,0.0
2025-01-08,義竹鄉,嘉義縣,0.0
2025-01-08,臺東市,臺東縣,0.0
2025-01-08,臺西鄉,雲林縣,0.0
2025-01-08,花蓮市,花蓮縣,0.0
2025-01-08,芳苑鄉,彰化縣,0.0
2025-01-08,草屯鎮,南投縣,0.0
2025-01-08,萬榮鄉,花蓮縣,0.0
2025-01-08,虎尾鎮,雲林縣,0.0
2025-01-08,褒忠鄉,雲林縣,0.0
2025-01-08,西區,嘉義市,0.0
2025-01-08,豐濱鄉,花蓮縣,0.0
2025-01-08,長治鄉,屏東縣,0.0
2025-01-08,鳳林鎮,花蓮縣,0.0
2025-01-08,鹽水區,臺南市,0.0
2025-01-08,鹿港鎮,彰化縣,0.0
2025-01-08,鹿草鄉,嘉義縣,0.0
2025-01-08,麥寮鄉,雲林縣,0.0
2025-01-09,中埔鄉,嘉義縣,0.0
2025-01-09,二林鎮,彰化縣,0.0
2025-01-09,二水鄉,彰化縣,0.0
2025-01-09,佳冬鄉,屏東縣,0.0
2025-01-09,元長鄉,雲林縣,0.0
2025-01-09,光復鄉,花蓮縣,0.0
2025-01-09,六腳鄉,嘉義縣,0.0
2025-01-09,北港鎮,雲林縣,0.0
2025-01-09,北門區,臺南市,0.0
2025-01-09,卓溪鄉,花蓮縣,0.0
2025-01-09,南州鄉,屏東縣,0.0
2025-01-09,南投市,南投縣,0.0
2025-01-09,口湖鄉,雲林縣,0.0
2025-01-09,和美鎮,彰化縣,0.0
2025-01-09,員林市,彰化縣,0.0
2025-01-09,四湖鄉,雲林縣,0.0
2025-01-09,土庫鎮,雲林縣,0.0
2025-01-09,埔里鎮,南投縣,0.0
2025-01-09,埔鹽鄉,彰化縣,0.0
2025-01-09,壽豐鄉,花蓮縣,0.0
2025-01-09,大內區,臺南市,0.0
2025-01-09,大城鄉,彰化縣,0.0
2025-01-09,大埤鄉,雲林縣,0.0
2025-01-09,大村鄉,彰化縣,0.0
2025-01-09,太保市,嘉義縣,0.0
2025-01-09,富里鄉,花蓮縣,0.0
2025-01-09,左鎮區,臺南市,0.0
2025-01-09,布袋鎮,嘉義縣,0.0
2025-01-09,彰化市,彰化縣,0.0
2025-01-09,恆春鎮,屏東縣,0.0
2025-01-09,斗六市,雲林縣,0.0
2025-01-09,斗南鎮,雲林縣,0.0
2025-01-09,新城鄉,花蓮縣,0.0
2025-01-09,新港鄉,嘉義縣,0.0
2025-01-09,新營區,臺南市,0.0
2025-01-09,旗山區,高雄市,0.0
2025-01-09,朴子市,嘉義縣,0.0
2025-01-09,東勢鄉,雲林縣,0.0
2025-01-09,東區,新竹市,0.0
2025-01-09,東港鎮,屏東縣,0.0
2025-01-09,東石鄉,嘉義縣,0.0
2025-01-09,枋寮鄉,屏東縣,0.0
2025-01-09,林邊鄉,屏東縣,0.0
2025-01-09,梅山鄉,嘉義縣,0.0
2025-01-09,民雄鄉,嘉義縣,0.0
2025-01-09,水上鄉,嘉義縣,0.0
2025-01-09,水林鄉,雲林縣,0.0
2025-01-09,溪口鄉,嘉義縣,0.0
2025-01-09,溪湖鎮,彰化縣,0.0
2025-01-09,玉里鎮,花蓮縣,0.0
2025-01-09,田中鎮,彰化縣,0.0
2025-01-09,田尾鄉,彰化縣,0.0
2025-01-09,番路鄉,嘉義縣,0.0
2025-01-09,白河區,臺南市,0.0
2025-01-09,社頭鄉,彰化縣,0.0
2025-01-09,福興鄉,彰化縣,0.0
2025-01-09,秀水鄉,彰化縣,0.0
2025-01-09,竹崎鄉,嘉義縣,0.0
2025-01-09,線西鄉,彰化縣,0.0
2025-01-09,美濃區,高雄市,0.0
2025-01-09,義竹鄉,嘉義縣,0.0
2025-01-09,臺東市,臺東縣,0.0
2025-01-09,臺西鄉,雲林縣,0.0
2025-01-09,花蓮市,花蓮縣,0.0
2025-01-09,芳苑鄉,彰化縣,0.0
2025-01-09,草屯鎮,南投縣,0.0
2025-01-09,萬榮鄉,花蓮縣,0.0
2025-01-09,虎尾鎮,雲林縣,0.0
2025-01-09,褒忠鄉,雲林縣,0.0
2025-01-09,西區,嘉義市,0.0
2025-01-09,豐濱鄉,花蓮縣,0.0
2025-01-09,長治鄉,屏東縣,0.0
2025-01-09,鳳林鎮,花蓮縣,0.0
2025-01-09,鹽水區,臺南市,0.0
2025-01-09,鹿港鎮,彰化縣,0.0
2025-01-09,鹿草鄉,嘉義縣,0.0
2025-01-09,麥寮鄉,雲林縣,0.0
2025-01-10,中埔鄉,嘉義縣,0.0
2025-01-10,二林鎮,彰化縣,0.0
2025-01-10,二水鄉,彰化縣,0.0
2025-01-10,佳冬鄉,屏東縣,0.0
2025-01-10,元長鄉,雲林縣,0.0
2025-01-10,光復鄉,花蓮縣,0.0
2025-01-10,六腳鄉,嘉義縣,0.0
2025-01-10,北港鎮,雲林縣,0.0
2025-01-10,北門區,臺南市,0.0
2025-01-10,卓溪鄉,花蓮縣,0.0
2025-01-10,南州鄉,屏東縣,0.0
2025-01-10,南投市,南投縣,0.0
2025-01-10,口湖鄉,雲林縣,0.0
2025-01-10,和美鎮,彰化縣,0.0
2025-01-10,員林市,彰化縣,0.0
2025-01-10,四湖鄉,雲林縣,0.0
2025-01-10,土庫鎮,雲林縣,0.0
2025-01-10,埔里鎮,南投縣,0.0
2025-01-10,埔鹽鄉,彰化縣,0.0
2025-01-10,壽豐鄉,花蓮縣,0.0
2025-01-10,大內區,臺南市,0.0
2025-01-10,大城鄉,彰化縣,0.0
2025-01-10,大埤鄉,雲林縣,0.0
2025-01-10,大村鄉,彰化縣,0.0
2025-01-10,太保市,嘉義縣,0.0
2025-01-10,富里鄉,花蓮縣,0.0
2025-01-10,左鎮區,臺南市,0.0
2025-01-10,布袋鎮,嘉義縣,0.0
2025-01-10,彰化市,彰化縣,0.0
2025-01-10,恆春鎮,屏東縣,0.0
2025-01-10,斗六市,雲林縣,0.0
2025-01-10,斗南鎮,雲林縣,0.0
2025-01-10,新城鄉,花蓮縣,0.0
2025-01-10,新港鄉,嘉義縣,0.0
2025-01-10,新營區,臺南市,0.0
2025-01-10,旗山區,高雄市,0.0
2025-01-10,朴子市,嘉義縣,0.0
2025-01-10,東勢鄉,雲林縣,0.0
2025-01-10,東區,新竹市,0.0
2025-01-10,東港鎮,屏東縣,0.0
2025-01-10,東石鄉,嘉義縣,0.0
2025-01-10,枋寮鄉,屏東縣,0.0
2025-01-10,林邊鄉,屏東縣,0.0
2025-01-10,梅山鄉,嘉義縣,0.0
2025-01-10,民雄鄉,嘉義縣,0.0
2025-01-10,水上鄉,嘉義縣,0.0
2025-01-10,水林鄉,雲林縣,0.0
2025-01-10,溪口鄉,嘉義縣,0.0
2025-01-10,溪湖鎮,彰化縣,0.0
2025-01-10,玉里鎮,花蓮縣,0.0
2025-01-10,田中鎮,彰化縣,0.0
2025-01-10,田尾鄉,彰化縣,0.0
2025-01-10,番路鄉,嘉義縣,0.0
2025-01-10,白河區,臺南市,0.0
2025-01-10,社頭鄉,彰化縣,0.0
2025-01-10,福興鄉,彰化縣,0.0
2025-01-10,秀水鄉,彰化縣,0.0
2025-01-10,竹崎鄉,嘉義縣,0.0
2025-01-10,線西鄉,彰化縣,0.0
2025-01-10,美濃區,高雄市,0.0
2025-01-10,義竹鄉,嘉義縣,0.0
2025-01-10,臺東市,臺東縣,0.0
2025-01-10,臺西鄉,雲林縣,0.0
2025-01-10,花蓮市,花蓮縣,0.0
2025-01-10,芳苑鄉,彰化縣,0.0
2025-01-10,草屯鎮,南投縣,0.0
2025-01-10,萬榮鄉,花蓮縣,0.0
2025-01-10,虎尾鎮,雲林縣,0.0
2025-01-10,褒忠鄉,雲林縣,0.0
2025-01-10,西區,嘉義市,0.0
2025-01-10,豐濱鄉,花蓮縣,0.0
2025-01-10,長治鄉,屏東縣,0.0
2025-01-10,鳳林鎮,花蓮縣,0.0
2025-01-10,鹽水區,臺南市,0.0
2025-01-10,鹿港鎮,彰化縣,0.0
2025-01-10,鹿草鄉,嘉義縣,0.0
2025-01-10,麥寮鄉,雲林縣,0.0
2025-01-11,中埔鄉,嘉義縣,0.0
2025-01-11,二林鎮,彰化縣,0.0
2025-01-11,二水鄉,彰化縣,0.0
2025-01-11,佳冬鄉,屏東縣,0.0
2025-01-11,元長鄉,雲林縣,0.0
2025-01-11,光復鄉,花蓮縣,0.0
2025-01-11,六腳鄉,嘉義縣,0.0
2025-01-11,北港鎮,雲林縣,0.0
2025-01-11,北門區,臺南市,0.0
2025-01-11,卓溪鄉,花蓮縣,0.0
2025-01-11,南州鄉,屏東縣,0.0
2025-01-11,南投市,南投縣,0.0
2025-01-11,口湖鄉,雲林縣,0.0
2025-01-11,和美鎮,彰化縣,0.0
2025-01-11,員林市,彰化縣,0.0
2025-01-11,四湖鄉,雲林縣,0.0
2025-01-11,土庫鎮,雲林縣,0.0
2025-01-11,埔里鎮,南投縣,0.0
2025-01-11,埔鹽鄉,彰化縣,0.0
2025-01-11,壽豐鄉,花蓮縣,0.0
2025-01-11,大城鄉,彰化縣,0.0
2025-01-11,大埤鄉,雲林縣,0.0
2025-01-11,大村鄉,彰化縣,0.0
2025-01-11,太保市,嘉義縣,0.0
2025-01-11,富里鄉,花蓮縣,0.0
2025-01-11,布袋鎮,嘉義縣,0.0
2025-01-11,彰化市,彰化縣,0.0
2025-01-11,恆春鎮,屏東縣,0.0
2025-01-11,斗六市,雲林縣,0.0
2025-01-11,斗南鎮,雲林縣,0.0
2025-01-11,新城鄉,花蓮縣,0.0
2025-01-11,新港鄉,嘉義縣,0.0
2025-01-11,新營區,臺南市,0.0
2025-01-11,旗山區,高雄市,0.0
2025-01-11,朴子市,嘉義縣,0.0
2025-01-11,東勢鄉,雲林縣,0.0
2025-01-11,東區,新竹市,0.0
2025-01-11,東港鎮,屏東縣,0.0
2025-01-11,東石鄉,嘉義縣,0.0
2025-01-11,枋寮鄉,屏東縣,0.0
2025-01-11,林邊鄉,屏東縣,0.0
2025-01-11,梅山鄉,嘉義縣,0.0
2025-01-11,民雄鄉,嘉義縣,0.0
2025-01-11,水上鄉,嘉義縣,0.0
2025-01-11,水林鄉,雲林縣,0.0
2025-01-11,溪口鄉,嘉義縣,0.0
2025-01-11,溪湖鎮,彰化縣,0.0
2025-01-11,玉里鎮,花蓮縣,0.0
2025-01-11,田中鎮,彰化縣,0.0
2025-01-11,田尾鄉,彰化縣,0.0
2025-01-11,番路鄉,嘉義縣,0.0
2025-01-11,白河區,臺南市,0.0
2025-01-11,社頭鄉,彰化縣,0.0
2025-01-11,福興鄉,彰化縣,0.0
2025-01-11,秀水鄉,彰化縣,0.0
2025-01-11,竹崎鄉,嘉義縣,0.0
2025-01-11,線西鄉,彰化縣,0.0
2025-01-11,美濃區,高雄市,0.0
2025-01-11,義竹鄉,嘉義縣,0.0
2025-01-11,臺東市,臺東縣,0.0
2025-01-11,臺西鄉,雲林縣,0.0
2025-01-11,花蓮市,花蓮縣,0.0
2025-01-11,芳苑鄉,彰化縣,0.0
2025-01-11,草屯鎮,南投縣,0.0
2025-01-11,萬榮鄉,花蓮縣,0.0
2025-01-11,虎尾鎮,雲林縣,0.0
2025-01-11,褒忠鄉,雲林縣,0.0
2025-01-11,西區,嘉義市,0.0
2025-01-11,豐濱鄉,花蓮縣,0.0
2025-01-11,長治鄉,屏東縣,0.0
2025-01-11,鳳林鎮,花蓮縣,0.0
2025-01-11,鹽水區,臺南市,0.0
2025-01-11,鹿港鎮,彰化縣,0.0
2025-01-11,鹿草鄉,嘉義縣,0.0
2025-01-11,麥寮鄉,雲林縣,0.0
2025-01-12,中埔鄉,嘉義縣,0.0
2025-01-12,二林鎮,彰化縣,0.0
2025-01-12,二水鄉,彰化縣,0.0
2025-01-12,佳冬鄉,屏東縣,0.0
2025-01-12,元長鄉,雲林縣,0.0
2025-01-12,光復鄉,花蓮縣,0.0
2025-01-12,六腳鄉,嘉義縣,0.0
2025-01-12,北港鎮,雲林縣,0.0
2025-01-12,北門區,臺南市,0.0
2025-01-12,卓溪鄉,花蓮縣,0.0
2025-01-12,南州鄉,屏東縣,0.0
2025-01-12,南投市,南投縣,0.0
2025-01-12,口湖鄉,雲林縣,0.0
2025-01-12,和美鎮,彰化縣,0.0
2025-01-12,員林市,彰化縣,0.0
2025-01-12,四湖鄉,雲林縣,0.0
2025-01-12,土庫鎮,雲林縣,0.0
2025-01-12,埔里鎮,南投縣,0.0
2025-01-12,埔鹽鄉,彰化縣,0.0
2025-01-12,壽豐鄉,花蓮縣,0.0
2025-01-12,大城鄉,彰化縣,0.0
2025-01-12,大埤鄉,雲林縣,0.0
2025-01-12,大村鄉,彰化縣,0.0
2025-01-12,太保市,嘉義縣,0.0
2025-01-12,富里鄉,花蓮縣,0.0
2025-01-12,布袋鎮,嘉義縣,0.0
2025-01-12,彰化市,彰化縣,0.0
2025-01-12,恆春鎮,屏東縣,0.0
2025-01-12,斗六市,雲林縣,0.0
2025-01-12,斗南鎮,雲林縣,0.0
2025-01-12,新城鄉,花蓮縣,0.0
2025-01-12,新港鄉,嘉義縣,0.0
2025-01-12,新營區,臺南市,0.0
2025-01-12,旗山區,高雄市,0.0
2025-01-12,朴子市,嘉義縣,0.0
2025-01-12,東勢鄉,雲林縣,0.0
2025-01-12,東區,新竹市,0.0
2025-01-12,東港鎮,屏東縣,0.0
2025-01-12,東石鄉,嘉義縣,0.0
2025-01-12,枋寮鄉,屏東縣,0.0
2025-01-12,林邊鄉,屏東縣,0.0
2025-01-12,梅山鄉,嘉義縣,0.0
2025-01-12,民雄鄉,嘉義縣,0.0
2025-01-12,水上鄉,嘉義縣,0.0
2025-01-12,水林鄉,雲林縣,0.0
2025-01-12,溪口鄉,嘉義縣,0.0
2025-01-12,溪湖鎮,彰化縣,0.0
2025-01-12,玉里鎮,花蓮縣,0.0
2025-01-12,田中鎮,彰化縣,0.0
2025-01-12,田尾鄉,彰化縣,0.0
2025-01-12,番路鄉,嘉義縣,0.0
2025-01-12,白河區,臺南市,0.0
2025-01-12,社頭鄉,彰化縣,0.0
2025-01-12,福興鄉,彰化縣,0.0
2025-01-12,秀水鄉,彰化縣,0.0
2025-01-12,竹崎鄉,嘉義縣,0.0
2025-01-12,線西鄉,彰化縣,0.0
2025-01-12,美濃區,高雄市,0.0
2025-01-12,義竹鄉,嘉義縣,0.0
2025-01-12,臺東市,臺東縣,0.0
2025-01-12,臺西鄉,雲林縣,0.0
2025-01-12,花蓮市,花蓮縣,0.0
2025-01-12,芳苑鄉,彰化縣,0.0
2025-01-12,草屯鎮,南投縣,0.0
2025-01-12,萬榮鄉,花蓮縣,0.0
2025-01-12,虎尾鎮,雲林縣,0.0
2025-01-12,褒忠鄉,雲林縣,0.0
2025-01-12,西區,嘉義市,0.0
2025-01-12,豐濱鄉,花蓮縣,0.0
2025-01-12,長治鄉,屏東縣,0.0
2025-01-12,鳳林鎮,花蓮縣,0.0
2025-01-12,鹽水區,臺南市,0.0
2025-01-12,鹿港鎮,彰化縣,0.0
2025-01-12,鹿草鄉,嘉義縣,0.0
2025-01-12,麥寮鄉,雲林縣,0.0
2025-01-13,中埔鄉,嘉義縣,0.0
2025-01-13,二林鎮,彰化縣,0.0
2025-01-13,二水鄉,彰化縣,0.0
2025-01-13,佳冬鄉,屏東縣,0.0
2025-01-13,元長鄉,雲林縣,0.0
2025-01-13,光復鄉,花蓮縣,0.0
2025-01-13,六腳鄉,嘉義縣,0.0
2025-01-13,北港鎮,雲林縣,0.0
2025-01-13,北門區,臺南市,0.0
2025-01-13,卓溪鄉,花蓮縣,0.0
2025-01-13,南州鄉,屏東縣,0.0
2025-01-13,南投市,南投縣,0.0
2025-01-13,口湖鄉,雲林縣,0.0
2025-01-13,和美鎮,彰化縣,0.0
2025-01-13,員林市,彰化縣,0.0
2025-01-13,四湖鄉,雲林縣,0.0
2025-01-13,土庫鎮,雲林縣,0.0
2025-01-13,埔里鎮,南投縣,0.0
2025-01-13,埔鹽鄉,彰化縣,0.0
2025-01-13,壽豐鄉,花蓮縣,0.0
2025-01-13,大城鄉,彰化縣,0.0
2025-01-13,大埤鄉,雲林縣,0.0
2025-01-13,大村鄉,彰化縣,0.0
2025-01-13,太保市,嘉義縣,0.0
2025-01-13,富里鄉,花蓮縣,0.0
2025-01-13,布袋鎮,嘉義縣,0.0
2025-01-13,彰化市,彰化縣,0.0
2025-01-13,恆春鎮,屏東縣,0.0
2025-01-13,斗六市,雲林縣,0.0
2025-01-13,斗南鎮,雲林縣,0.0
2025-01-13,新城鄉,花蓮縣,0.0
2025-01-13,新港鄉,嘉義縣,0.0
2025-01-13,新營區,臺南市,0.0
2025-01-13,旗山區,高雄市,0.0
2025-01-13,朴子市,嘉義縣,0.0
2025-01-13,東勢鄉,雲林縣,0.0
2025-01-13,東區,新竹市,0.0
2025-01-13,東港鎮,屏東縣,0.0
2025-01-13,東石鄉,嘉義縣,0.0
2025-01-13,枋寮鄉,屏東縣,0.0
2025-01-13,林邊鄉,屏東縣,0.0
2025-01-13,梅山鄉,嘉義縣,0.0
2025-01-13,民雄鄉,嘉義縣,0.0
2025-01-13,水上鄉,嘉義縣,0.0
2025-01-13,水林鄉,雲林縣,0.0
2025-01-13,溪口鄉,嘉義縣,0.0
2025-01-13,溪湖鎮,彰化縣,0.0
2025-01-13,玉里鎮,花蓮縣,0.0
2025-01-13,田中鎮,彰化縣,0.0
2025-01-13,田尾鄉,彰化縣,0.0
2025-01-13,番路鄉,嘉義縣,0.0
2025-01-13,白河區,臺南市,0.0
2025-01-13,社頭鄉,彰化縣,0.0
2025-01-13,福興鄉,彰化縣,0.0
2025-01-13,秀水鄉,彰化縣,0.0
2025-01-13,竹崎鄉,嘉義縣,0.0
2025-01-13,線西鄉,彰化縣,0.0
2025-01-13,美濃區,高雄市,0.0
2025-01-13,義竹鄉,嘉義縣,0.0
2025-01-13,臺東市,臺東縣,0.0
2025-01-13,臺西鄉,雲林縣,0.0
2025-01-13,花蓮市,花蓮縣,0.0
2025-01-13,芳苑鄉,彰化縣,0.0
2025-01-13,草屯鎮,南投縣,0.0
2025-01-13,萬榮鄉,花蓮縣,0.0
2025-01-13,虎尾鎮,雲林縣,0.0
2025-01-13,褒忠鄉,雲林縣,0.0
2025-01-13,西區,嘉義市,0.0
2025-01-13,豐濱鄉,花蓮縣,0.0
2025-01-13,長治鄉,屏東縣,0.0
2025-01-13,鳳林鎮,花蓮縣,0.0
2025-01-13,鹽水區,臺南市,0.0
2025-01-13,鹿港鎮,彰化縣,0.0
2025-01-13,鹿草鄉,嘉義縣,0.0
2025-01-13,麥寮鄉,雲林縣,0.0
2025-01-14,中埔鄉,嘉義縣,0.0
2025-01-14,二林鎮,彰化縣,0.0
2025-01-14,二水鄉,彰化縣,0.0
2025-01-14,佳冬鄉,屏東縣,0.0
2025-01-14,元長鄉,雲林縣,0.0
2025-01-14,光復鄉,花蓮縣,0.0
2025-01-14,六腳鄉,嘉義縣,0.0
2025-01-14,北港鎮,雲林縣,0.0
2025-01-14,北門區,臺南市,0.0
2025-01-14,卓溪鄉,花蓮縣,0.0
2025-01-14,南州鄉,屏東縣,0.0
2025-01-14,南投市,南投縣,0.0
2025-01-14,口湖鄉,雲林縣,0.0
2025-01-14,和美鎮,彰化縣,0.0
2025-01-14,員林市,彰化縣,0.0
2025-01-14,四湖鄉,雲林縣,0.0
2025-01-14,土庫鎮,雲林縣,0.0
2025-01-14,埔里鎮,南投縣,0.0
2025-01-14,埔鹽鄉,彰化縣,0.0
2025-01-14,壽豐鄉,花蓮縣,0.0
2025-01-14,大城鄉,彰化縣,0.0
2025-01-14,大埤鄉,雲林縣,0.0
2025-01-14,大村鄉,彰化縣,0.0
2025-01-14,太保市,嘉義縣,0.0
2025-01-14,富里鄉,花蓮縣,0.0
2025-01-14,布袋鎮,嘉義縣,0.0
2025-01-14,彰化市,彰化縣,0.0
2025-01-14,恆春鎮,屏東縣,0.0
2025-01-14,斗六市,雲林縣,0.0
2025-01-14,斗南鎮,雲林縣,0.0
2025-01-14,新城鄉,花蓮縣,0.0
2025-01-14,新港鄉,嘉義縣,0.0
2025-01-14,新營區,臺南市,0.0
2025-01-14,旗山區,高雄市,0.0
2025-01-14,朴子市,嘉義縣,0.0
2025-01-14,東勢鄉,雲林縣,0.0
2025-01-14,東區,新竹市,0.0
2025-01-14,東港鎮,屏東縣,0.0
2025-01-14,東石鄉,嘉義縣,0.0
2025-01-14,枋寮鄉,屏東縣,0.0
2025-01-14,林邊鄉,屏東縣,0.0
2025-01-14,梅山鄉,嘉義縣,0.0
2025-01-14,民雄鄉,嘉義縣,0.0
2025-01-14,水上鄉,嘉義縣,0.0
2025-01-14,水林鄉,雲林縣,0.0
2025-01-14,溪口鄉,嘉義縣,0.0
2025-01-14,溪湖鎮,彰化縣,0.0
2025-01-14,玉里鎮,花蓮縣,0.0
2025-01-14,田中鎮,彰化縣,0.0
2025-01-14,田尾鄉,彰化縣,0.0
2025-01-14,番路鄉,嘉義縣,0.0
2025-01-14,白河區,臺南市,0.0
2025-01-14,社頭鄉,彰化縣,0.0
2025-01-14,福興鄉,彰化縣,0.0
2025-01-14,秀水鄉,彰化縣,0.0
2025-01-14,竹崎鄉,嘉義縣,0.0
2025-01-14,線西鄉,彰化縣,0.0
2025-01-14,美濃區,高雄市,0.0
2025-01-14,義竹鄉,嘉義縣,0.0
2025-01-14,臺東市,臺東縣,0.0
2025-01-14,臺西鄉,雲林縣,0.0
2025-01-14,花蓮市,花蓮縣,0.0
2025-01-14,芳苑鄉,彰化縣,0.0
2025-01-14,草屯鎮,南投縣,0.0
2025-01-14,萬榮鄉,花蓮縣,0.0
2025-01-14,虎尾鎮,雲林縣,0.0
2025-01-14,褒忠鄉,雲林縣,0.0
2025-01-14,西區,嘉義市,0.0
2025-01-14,豐濱鄉,花蓮縣,0.0
2025-01-14,長治鄉,屏東縣,0.0
2025-01-14,鳳林鎮,花蓮縣,0.0
2025-01-14,鹽水區,臺南市,0.0
2025-01-14,鹿港鎮,彰化縣,0.0
2025-01-14,鹿草鄉,嘉義縣,0.0
2025-01-14,麥寮鄉,雲林縣,0.0
2025-01-15,中埔鄉,嘉義縣,0.0
2025-01-15,二林鎮,彰化縣,0.0
2025-01-15,二水鄉,彰化縣,0.0
2025-01-15,佳冬鄉,屏東縣,0.0
2025-01-15,元長鄉,雲林縣,0.0
2025-01-15,光復鄉,花蓮縣,0.0
2025-01-15,六腳鄉,嘉義縣,0.0
2025-01-15,北港鎮,雲林縣,0.0
2025-01-15,北門區,臺南市,0.0
2025-01-15,卓溪鄉,花蓮縣,0.0
2025-01-15,南州鄉,屏東縣,0.0
2025-01-15,南投市,南投縣,0.0
2025-01-15,口湖鄉,雲林縣,0.0
2025-01-15,和美鎮,彰化縣,0.0
2025-01-15,員林市,彰化縣,0.0
2025-01-15,四湖鄉,雲林縣,0.0
2025-01-15,土庫鎮,雲林縣,0.0
2025-01-15,埔里鎮,南投縣,0.0
2025-01-15,埔鹽鄉,彰化縣,0.0
2025-01-15,壽豐鄉,花蓮縣,0.0
2025-01-15,大城鄉,彰化縣,0.0
2025-01-15,大埤鄉,雲林縣,0.0
2025-01-15,大村鄉,彰化縣,0.0
2025-01-15,太保市,嘉義縣,0.0
2025-01-15,富里鄉,花蓮縣,0.0
2025-01-15,布袋鎮,嘉義縣,0.0
2025-01-15,彰化市,彰化縣,0.0
2025-01-15,恆春鎮,屏東縣,0.0
2025-01-15,斗六市,雲林縣,0.0
2025-01-15,斗南鎮,雲林縣,0.0
2025-01-15,新城鄉,花蓮縣,0.0
2025-01-15,新港鄉,嘉義縣,0.0
2025-01-15,新營區,臺南市,0.0
2025-01-15,旗山區,高雄市,0.0
2025-01-15,朴子市,嘉義縣,0.0
2025-01-15,東勢鄉,雲林縣,0.0
2025-01-15,東區,新竹市,0.0
2025-01-15,東港鎮,屏東縣,0.0
2025-01-15,東石鄉,嘉義縣,0.0
2025-01-15,枋寮鄉,屏東縣,0.0
2025-01-15,林邊鄉,屏東縣,0.0
2025-01-15,梅山鄉,嘉義縣,0.0
2025-01-15,民雄鄉,嘉義縣,0.0
2025-01-15,水上鄉,嘉義縣,0.0
2025-01-15,水林鄉,雲林縣,0.0
2025-01-15,溪口鄉,嘉義縣,0.0
2025-01-15,溪湖鎮,彰化縣,0.0
2025-01-15,玉里鎮,花蓮縣,0.0
2025-01-15,田中鎮,彰化縣,0.0
2025-01-15,田尾鄉,彰化縣,0.0
2025-01-15,番路鄉,嘉義縣,0.0
2025-01-15,白河區,臺南市,0.0
2025-01-15,社頭鄉,彰化縣,0.0
2025-01-15,福興鄉,彰化縣,0.0
2025-01-15,秀水鄉,彰化縣,0.0
2025-01-15,竹崎鄉,嘉義縣,0.0
2025-01-15,線西鄉,彰化縣,0.0
2025-01-15,美濃區,高雄市,0.0
2025-01-15,義竹鄉,嘉義縣,0.0
2025-01-15,臺東市,臺東縣,0.0
2025-01-15,臺西鄉,雲林縣,0.0
2025-01-15,花蓮市,花蓮縣,0.0
2025-01-15,芳苑鄉,彰化縣,0.0
2025-01-15,草屯鎮,南投縣,0.0
2025-01-15,萬榮鄉,花蓮縣,0.0
2025-01-15,虎尾鎮,雲林縣,0.0
2025-01-15,褒忠鄉,雲林縣,0.0
2025-01-15,西區,嘉義市,0.0
2025-01-15,豐濱鄉,花蓮縣,0.0
2025-01-15,長治鄉,屏東縣,0.0
2025-01-15,鳳林鎮,花蓮縣,0.0
2025-01-15,鹽水區,臺南市,0.0
2025-01-15,鹿港鎮,彰化縣,0.0
2025-01-15,鹿草鄉,嘉義縣,0.0
2025-01-15,麥寮鄉,雲林縣,0.0
2025-01-16,中埔鄉,嘉義縣,0.0
2025-01-16,二林鎮,彰化縣,0.0
2025-01-16,二水鄉,彰化縣,0.0
2025-01-16,佳冬鄉,屏東縣,0.0
2025-01-16,元長鄉,雲林縣,0.0
2025-01-16,光復鄉,花蓮縣,0.0
2025-01-16,六腳鄉,嘉義縣,0.0
2025-01-16,北港鎮,雲林縣,0.0
2025-01-16,北門區,臺南市,0.0
2025-01-16,卓溪鄉,花蓮縣,0.0
2025-01-16,南州鄉,屏東縣,0.0
2025-01-16,南投市,南投縣,0.0
2025-01-16,口湖鄉,雲林縣,0.0
2025-01-16,和美鎮,彰化縣,0.0
2025-01-16,員林市,彰化縣,0.0
2025-01-16,四湖鄉,雲林縣,0.0
2025-01-16,土庫鎮,雲林縣,0.0
2025-01-16,埔里鎮,南投縣,0.0
2025-01-16,埔鹽鄉,彰化縣,0.0
2025-01-16,壽豐鄉,花蓮縣,0.0
2025-01-16,大城鄉,彰化縣,0.0
2025-01-16,大埤鄉,雲林縣,0.0
2025-01-16,大村鄉,彰化縣,0.0
2025-01-16,太保市,嘉義縣,0.0
2025-01-16,富里鄉,花蓮縣,0.0
2025-01-16,布袋鎮,嘉義縣,0.0
2025-01-16,彰化市,彰化縣,0.0
2025-01-16,恆春鎮,屏東縣,0.0
2025-01-16,斗六市,雲林縣,0.0
2025-01-16,斗南鎮,雲林縣,0.0
2025-01-16,新城鄉,花蓮縣,0.0
2025-01-16,新港鄉,嘉義縣,0.0
2025-01-16,新營區,臺南市,0.0
2025-01-16,旗山區,高雄市,0.0
2025-01-16,朴子市,嘉義縣,0.0
2025-01-16,東勢鄉,雲林縣,0.0
2025-01-16,東區,新竹市,0.0
2025-01-16,東港鎮,屏東縣,0.0
2025-01-16,東石鄉,嘉義縣,0.0
2025-01-16,枋寮鄉,屏東縣,0.0
2025-01-16,林邊鄉,屏東縣,0.0
2025-01-16,梅山鄉,嘉義縣,0.0
2025-01-16,民雄鄉,嘉義縣,0.0
2025-01-16,水上鄉,嘉義縣,0.0
2025-01-16,水林鄉,雲林縣,0.0
2025-01-16,溪口鄉,嘉義縣,0.0
2025-01-16,溪湖鎮,彰化縣,0.0
2025-01-16,玉里鎮,花蓮縣,0.0
2025-01-16,田中鎮,彰化縣,0.0
2025-01-16,田尾鄉,彰化縣,0.0
2025-01-16,番路鄉,嘉義縣,0.0
2025-01-16,白河區,臺南市,0.0
2025-01-16,社頭鄉,彰化縣,0.0
2025-01-16,福興鄉,彰化縣,0.0
2025-01-16,秀水鄉,彰化縣,0.0
2025-01-16,竹崎鄉,嘉義縣,0.0
2025-01-16,線西鄉,彰化縣,0.0
2025-01-16,美濃區,高雄市,0.0
2025-01-16,義竹鄉,嘉義縣,0.0
2025-01-16,臺東市,臺東縣,0.0
2025-01-16,臺西鄉,雲林縣,0.0
2025-01-16,花蓮市,花蓮縣,0.0
2025-01-16,芳苑鄉,彰化縣,0.0
2025-01-16,草屯鎮,南投縣,0.0
2025-01-16,萬榮鄉,花蓮縣,0.0
2025-01-16,虎尾鎮,雲林縣,0.0
2025-01-16,褒忠鄉,雲林縣,0.0
2025-01-16,西區,嘉義市,0.0
2025-01-16,豐濱鄉,花蓮縣,0.0
2025-01-16,長治鄉,屏東縣,0.0
2025-01-16,鳳林鎮,花蓮縣,0.0
2025-01-16,鹽水區,臺南市,0.0
2025-01-16,鹿港鎮,彰化縣,0.0
2025-01-16,鹿草鄉,嘉義縣,0.0
2025-01-16,麥寮鄉,雲林縣,0.0
2025-01-17,中埔鄉,嘉義縣,0.0
2025-01-17,二林鎮,彰化縣,0.0
2025-01-17,二水鄉,彰化縣,0.0
2025-01-17,佳冬鄉,屏東縣,0.0
2025-01-17,元長鄉,雲林縣,0.0
2025-01-17,光復鄉,花蓮縣,0.0
2025-01-17,六腳鄉,嘉義縣,0.0
2025-01-17,北港鎮,雲林縣,0.0
2025-01-17,北門區,臺南市,0.0
2025-01-17,卓溪鄉,花蓮縣,0.0
2025-01-17,南州鄉,屏東縣,0.0
2025-01-17,南投市,南投縣,0.0
2025-01-17,口湖鄉,雲林縣,0.0
2025-01-17,和美鎮,彰化縣,0.0
2025-01-17,員林市,彰化縣,0.0
2025-01-17,四湖鄉,雲林縣,0.0
2025-01-17,土庫鎮,雲林縣,0.0
2025-01-17,埔里鎮,南投縣,0.0
2025-01-17,埔鹽鄉,彰化縣,0.0
2025-01-17,壽豐鄉,花蓮縣,0.0
2025-01-17,大城鄉,彰化縣,0.0
2025-01-17,大埤鄉,雲林縣,0.0
2025-01-17,大村鄉,彰化縣,0.0
2025-01-17,太保市,嘉義縣,0.0
2025-01-17,富里鄉,花蓮縣,0.0
2025-01-17,布袋鎮,嘉義縣,0.0
2025-01-17,彰化市,彰化縣,0.0
2025-01-17,恆春鎮,屏東縣,0.0
2025-01-17,斗六市,雲林縣,0.0
2025-01-17,斗南鎮,雲林縣,0.0
2025-01-17,新城鄉,花蓮縣,0.0
2025-01-17,新港鄉,嘉義縣,0.0
2025-01-17,新營區,臺南市,0.0
2025-01-17,旗山區,高雄市,0.0
2025-01-17,朴子市,嘉義縣,0.0
2025-01-17,東勢鄉,雲林縣,0.0
2025-01-17,東區,新竹市,0.0
2025-01-17,東港鎮,屏東縣,0.0
2025-01-17,東石鄉,嘉義縣,0.0
2025-01-17,枋寮鄉,屏東縣,0.0
2025-01-17,林邊鄉,屏東縣,0.0
2025-01-17,梅山鄉,嘉義縣,0.0
2025-01-17,民雄鄉,嘉義縣,0.0
2025-01-17,水上鄉,嘉義縣,0.0
2025-01-17,水林鄉,雲林縣,0.0
2025-01-17,溪口鄉,嘉義縣,0.0
2025-01-17,溪湖鎮,彰化縣,0.0
2025-01-17,玉里鎮,花蓮縣,0.0
2025-01-17,田中鎮,彰化縣,0.0
2025-01-17,田尾鄉,彰化縣,0.0
2025-01-17,番路鄉,嘉義縣,0.0
2025-01-17,白河區,臺南市,0.0
2025-01-17,社頭鄉,彰化縣,0.0
2025-01-17,福興鄉,彰化縣,0.0
2025-01-17,秀水鄉,彰化縣,0.0
2025-01-17,竹崎鄉,嘉義縣,0.0
2025-01-17,線西鄉,彰化縣,0.0
2025-01-17,美濃區,高雄市,0.0
2025-01-17,義竹鄉,嘉義縣,0.0
2025-01-17,臺東市,臺東縣,0.0
2025-01-17,臺西鄉,雲林縣,0.0
2025-01-17,花蓮市,花蓮縣,0.0
2025-01-17,芳苑鄉,彰化縣,0.0
2025-01-17,草屯鎮,南投縣,0.0
2025-01-17,萬榮鄉,花蓮縣,0.0
2025-01-17,虎尾鎮,雲林縣,0.0
2025-01-17,褒忠鄉,雲林縣,0.0
2025-01-17,西區,嘉義市,0.0
2025-01-17,豐濱鄉,花蓮縣,0.0
2025-01-17,長治鄉,屏東縣,0.0
2025-01-17,鳳林鎮,花蓮縣,0.0
2025-01-17,鹽水區,臺南市,0.0
2025-01-17,鹿港鎮,彰化縣,0.0
2025-01-17,鹿草鄉,嘉義縣,0.0
2025-01-17,麥寮鄉,雲林縣,0.0
2025-01-18,中埔鄉,嘉義縣,0.0
2025-01-18,二林鎮,彰化縣,0.0
2025-01-18,二水鄉,彰化縣,0.0
2025-01-18,佳冬鄉,屏東縣,0.0
2025-01-18,元長鄉,雲林縣,0.0
2025-01-18,光復鄉,花蓮縣,0.0
2025-01-18,六腳鄉,嘉義縣,0.0
2025-01-18,北港鎮,雲林縣,0.0
2025-01-18,北門區,臺南市,0.0
2025-01-18,卓溪鄉,花蓮縣,0.0
2025-01-18,南州鄉,屏東縣,0.0
2025-01-18,南投市,南投縣,0.0
2025-01-18,口湖鄉,雲林縣,0.0
2025-01-18,和美鎮,彰化縣,0.0
2025-01-18,員林市,彰化縣,0.0
2025-01-18,四湖鄉,雲林縣,0.0
2025-01-18,土庫鎮,雲林縣,0.0
2025-01-18,埔里鎮,南投縣,0.0
2025-01-18,埔鹽鄉,彰化縣,0.0
2025-01-18,壽豐鄉,花蓮縣,0.0
2025-01-18,大城鄉,彰化縣,0.0
2025-01-18,大埤鄉,雲林縣,0.0
2025-01-18,大村鄉,彰化縣,0.0
2025-01-18,太保市,嘉義縣,0.0
2025-01-18,富里鄉,花蓮縣,0.0
2025-01-18,布袋鎮,嘉義縣,0.0
2025-01-18,彰化市,彰化縣,0.0
2025-01-18,恆春鎮,屏東縣,0.0
2025-01-18,斗六市,雲林縣,0.0
2025-01-18,斗南鎮,雲林縣,0.0
2025-01-18,新城鄉,花蓮縣,0.0
2025-01-18,新港鄉,嘉義縣,0.0
2025-01-18,新營區,臺南市,0.0
2025-01-18,旗山區,高雄市,0.0
2025-01-18,朴子市,嘉義縣,0.0
2025-01-18,東勢鄉,雲林縣,0.0
2025-01-18,東區,新竹市,0.0
2025-01-18,東港鎮,屏東縣,0.0
2025-01-18,東石鄉,嘉義縣,0.0
2025-01-18,枋寮鄉,屏東縣,0.0
2025-01-18,林邊鄉,屏東縣,0.0
2025-01-18,梅山鄉,嘉義縣,0.0
2025-01-18,民雄鄉,嘉義縣,0.0
2025-01-18,水上鄉,嘉義縣,0.0
2025-01-18,水林鄉,雲林縣,0.0
2025-01-18,溪口鄉,嘉義縣,0.0
2025-01-18,溪湖鎮,彰化縣,0.0
2025-01-18,玉里鎮,花蓮縣,0.0
2025-01-18,田中鎮,彰化縣,0.0
2025-01-18,田尾鄉,彰化縣,0.0
2025-01-18,番路鄉,嘉義縣,0.0
2025-01-18,白河區,臺南市,0.0
2025-01-18,社頭鄉,彰化縣,0.0
2025-01-18,福興鄉,彰化縣,0.0
2025-01-18,秀水鄉,彰化縣,0.0
2025-01-18,竹崎鄉,嘉義縣,0.0
2025-01-18,線西鄉,彰化縣,0.0
2025-01-18,美濃區,高雄市,0.0
2025-01-18,義竹鄉,嘉義縣,0.0
2025-01-18,臺東市,臺東縣,0.0
2025-01-18,臺西鄉,雲林縣,0.0
2025-01-18,花蓮市,花蓮縣,0.0
2025-01-18,芳苑鄉,彰化縣,0.0
2025-01-18,草屯鎮,南投縣,0.0
2025-01-18,萬榮鄉,花蓮縣,0.0
2025-01-18,虎尾鎮,雲林縣,0.0
2025-01-18,褒忠鄉,雲林縣,0.0
2025-01-18,西區,嘉義市,0.0
2025-01-18,豐濱鄉,花蓮縣,0.0
2025-01-18,長治鄉,屏東縣,0.0
2025-01-18,鳳林鎮,花蓮縣,0.0
2025-01-18,鹽水區,臺南市,0.0
2025-01-18,鹿港鎮,彰化縣,0.0
2025-01-18,鹿草鄉,嘉義縣,0.0
2025-01-18,麥寮鄉,雲林縣,0.0
2025-01-19,中埔鄉,嘉義縣,0.0
2025-01-19,二林鎮,彰化縣,0.0
2025-01-19,二水鄉,彰化縣,0.0
2025-01-19,佳冬鄉,屏東縣,0.0
2025-01-19,元長鄉,雲林縣,0.0
2025-01-19,光復鄉,花蓮縣,0.0
2025-01-19,六腳鄉,嘉義縣,0.0
2025-01-19,北港鎮,雲林縣,0.0
2025-01-19,北門區,臺南市,0.0
2025-01-19,卓溪鄉,花蓮縣,0.0
2025-01-19,南州鄉,屏東縣,0.0
2025-01-19,南投市,南投縣,0.0
2025-01-19,口湖鄉,雲林縣,0.0
2025-01-19,和美鎮,彰化縣,0.0
2025-01-19,四湖鄉,雲林縣,0.0
2025-01-19,土庫鎮,雲林縣,0.0
2025-01-19,埔里鎮,南投縣,0.0
2025-01-19,埔鹽鄉,彰化縣,0.0
2025-01-19,壽豐鄉,花蓮縣,0.0
2025-01-19,大城鄉,彰化縣,0.0
2025-01-19,大埤鄉,雲林縣,0.0
2025-01-19,大村鄉,彰化縣,0.0
2025-01-19,太保市,嘉義縣,0.0
2025-01-19,富里鄉,花蓮縣,0.0
2025-01-19,布袋鎮,嘉義縣,0.0
2025-01-19,彰化市,彰化縣,0.0
2025-01-19,恆春鎮,屏東縣,0.0
2025-01-19,斗六市,雲林縣,0.0
2025-01-19,斗南鎮,雲林縣,0.0
2025-01-19,新城鄉,花蓮縣,0.0
2025-01-19,新港鄉,嘉義縣,0.0
2025-01-19,新營區,臺南市,0.0
2025-01-19,旗山區,高雄市,0.0
2025-01-19,朴子市,嘉義縣,0.0
2025-01-19,東勢鄉,雲林縣,0.0
2025-01-19,東區,新竹市,0.0
2025-01-19,東港鎮,屏東縣,0.0
2025-01-19,東石鄉,嘉義縣,0.0
2025-01-19,枋寮鄉,屏東縣,0.0
2025-01-19,林邊鄉,屏東縣,0.0
2025-01-19,梅山鄉,嘉義縣,0.0
2025-01-19,民雄鄉,嘉義縣,0.0
2025-01-19,水上鄉,嘉義縣,0.0
2025-01-19,水林鄉,雲林縣,0.0
2025-01-19,溪口鄉,嘉義縣,0.0
2025-01-19,溪湖鎮,彰化縣,0.0
2025-01-19,玉里鎮,花蓮縣,0.0
2025-01-19,田中鎮,彰化縣,0.0
2025-01-19,田尾鄉,彰化縣,0.0
2025-01-19,番路鄉,嘉義縣,0.0
2025-01-19,白河區,臺南市,0.0
2025-01-19,社頭鄉,彰化縣,0.0
2025-01-19,福興鄉,彰化縣,0.0
2025-01-19,秀水鄉,彰化縣,0.0
2025-01-19,竹崎鄉,嘉義縣,0.0
2025-01-19,線西鄉,彰化縣,0.0
2025-01-19,美濃區,高雄市,0.0
2025-01-19,義竹鄉,嘉義縣,0.0
2025-01-19,臺東市,臺東縣,0.0
2025-01-19,臺西鄉,雲林縣,0.0
2025-01-19,花蓮市,花蓮縣,0.0
2025-01-19,芳苑鄉,彰化縣,0.0
2025-01-19,草屯鎮,南投縣,0.0
2025-01-19,萬榮鄉,花蓮縣,0.0
2025-01-19,虎尾鎮,雲林縣,0.0
2025-01-19,褒忠鄉,雲林縣,0.0
2025-01-19,西區,嘉義市,0.0
2025-01-19,豐濱鄉,花蓮縣,0.0
2025-01-19,長治鄉,屏東縣,0.0
2025-01-19,鳳林鎮,花蓮縣,0.0
2025-01-19,鹽水區,臺南市,0.0
2025-01-19,鹿港鎮,彰化縣,0.0
2025-01-19,鹿草鄉,嘉義縣,0.0
2025-01-19,麥寮鄉,雲林縣,0.0
2025-01-20,中埔鄉,嘉義縣,0.0
2025-01-20,二林鎮,彰化縣,0.0
2025-01-20,二水鄉,彰化縣,0.0
2025-01-20,佳冬鄉,屏東縣,0.0
2025-01-20,元長鄉,雲林縣,0.0
2025-01-20,光復鄉,花蓮縣,0.0
2025-01-20,六腳鄉,嘉義縣,0.0
2025-01-20,北港鎮,雲林縣,0.0
2025-01-20,北門區,臺南市,0.0
2025-01-20,卓溪鄉,花蓮縣,0.0
2025-01-20,南州鄉,屏東縣,0.0
2025-01-20,南投市,南投縣,0.0
2025-01-20,口湖鄉,雲林縣,0.0
2025-01-20,和美鎮,彰化縣,0.0
2025-01-20,四湖鄉,雲林縣,0.0
2025-01-20,土庫鎮,雲林縣,0.0
2025-01-20,埔里鎮,南投縣,0.0
2025-01-20,埔鹽鄉,彰化縣,0.0
2025-01-20,壽豐鄉,花蓮縣,0.0
2025-01-20,大城鄉,彰化縣,0.0
2025-01-20,大埤鄉,雲林縣,0.0
2025-01-20,大村鄉,彰化縣,0.0
2025-01-20,太保市,嘉義縣,0.0
2025-01-20,富里鄉,花蓮縣,0.0
2025-01-20,布袋鎮,嘉義縣,0.0
2025-01-20,彰化市,彰化縣,0.0
2025-01-20,恆春鎮,屏東縣,0.0
2025-01-20,斗六市,雲林縣,0.0
2025-01-20,斗南鎮,雲林縣,0.0
2025-01-20,新城鄉,花蓮縣,0.0
2025-01-20,新港鄉,嘉義縣,0.0
2025-01-20,新營區,臺南市,0.0
2025-01-20,旗山區,高雄市,0.0
2025-01-20,朴子市,嘉義縣,0.0
2025-01-20,東勢鄉,雲林縣,0.0
2025-01-20,東區,新竹市,0.0
2025-01-20,東港鎮,屏東縣,0.0
2025-01-20,東石鄉,嘉義縣,0.0
2025-01-20,枋寮鄉,屏東縣,0.0
2025-01-20,林邊鄉,屏東縣,0.0
2025-01-20,梅山鄉,嘉義縣,0.0
2025-01-20,民雄鄉,嘉義縣,0.0
2025-01-20,水上鄉,嘉義縣,0.0
2025-01-20,水林鄉,雲林縣,0.0
2025-01-20,溪口鄉,嘉義縣,0.0
2025-01-20,溪湖鎮,彰化縣,0.0
2025-01-20,玉里鎮,花蓮縣,0.0
2025-01-20,田中鎮,彰化縣,0.0
2025-01-20,田尾鄉,彰化縣,0.0
2025-01-20,番路鄉,嘉義縣,0.0
2025-01-20,白河區,臺南市,0.0
2025-01-20,社頭鄉,彰化縣,0.0
2025-01-20,福興鄉,彰化縣,0.0
2025-01-20,秀水鄉,彰化縣,0.0
2025-01-20,竹崎鄉,嘉義縣,0.0
2025-01-20,線西鄉,彰化縣,0.0
2025-01-20,美濃區,高雄市,0.0
2025-01-20,義竹鄉,嘉義縣,0.0
2025-01-20,臺東市,臺東縣,0.0
2025-01-20,臺西鄉,雲林縣,0.0
2025-01-20,花蓮市,花蓮縣,0.0
2025-01-20,芳苑鄉,彰化縣,0.0
2025-01-20,草屯鎮,南投縣,0.0
2025-01-20,萬榮鄉,花蓮縣,0.0
2025-01-20,虎尾鎮,雲林縣,0.0
2025-01-20,褒忠鄉,雲林縣,0.0
2025-01-20,西區,嘉義市,0.0
2025-01-20,豐濱鄉,花蓮縣,0.0
2025-01-20,長治鄉,屏東縣,0.0
2025-01-20,鳳林鎮,花蓮縣,0.0
2025-01-20,鹽水區,臺南市,0.0
2025-01-20,鹿港鎮,彰化縣,0.0
2025-01-20,鹿草鄉,嘉義縣,0.0
2025-01-20,麥寮鄉,雲林縣,0.0
2025-01-21,中埔鄉,嘉義縣,0.0
2025-01-21,二林鎮,彰化縣,0.0
2025-01-21,二水鄉,彰化縣,0.0
2025-01-21,佳冬鄉,屏東縣,0.0
2025-01-21,元長鄉,雲林縣,0.0
2025-01-21,光復鄉,花蓮縣,0.0
2025-01-21,六腳鄉,嘉義縣,0.0
2025-01-21,北港鎮,雲林縣,0.0
2025-01-21,北門區,臺南市,0.0
2025-01-21,卓溪鄉,花蓮縣,0.0
2025-01-21,南州鄉,屏東縣,0.0
2025-01-21,南投市,南投縣,0.0
2025-01-21,口湖鄉,雲林縣,0.0
2025-01-21,和美鎮,彰化縣,0.0
2025-01-21,四湖鄉,雲林縣,0.0
2025-01-21,土庫鎮,雲林縣,0.0
2025-01-21,埔里鎮,南投縣,0.0
2025-01-21,埔鹽鄉,彰化縣,0.0
2025-01-21,壽豐鄉,花蓮縣,0.0
2025-01-21,大城鄉,彰化縣,0.0
2025-01-21,大埤鄉,雲林縣,0.0
2025-01-21,大村鄉,彰化縣,0.0
2025-01-21,太保市,嘉義縣,0.0
2025-01-21,富里鄉,花蓮縣,0.0
2025-01-21,布袋鎮,嘉義縣,0.0
2025-01-21,彰化市,彰化縣,0.0
2025-01-21,恆春鎮,屏東縣,0.0
2025-01-21,斗六市,雲林縣,0.0
2025-01-21,斗南鎮,雲林縣,0.0
2025-01-21,新城鄉,花蓮縣,0.0
2025-01-21,新港鄉,嘉義縣,0.0
2025-01-21,新營區,臺南市,0.0
2025-01-21,旗山區,高雄市,0.0
2025-01-21,朴子市,嘉義縣,0.0
2025-01-21,東勢鄉,雲林縣,0.0
2025-01-21,東區,新竹市,0.0
2025-01-21,東港鎮,屏東縣,0.0
2025-01-21,東石鄉,嘉義縣,0.0
2025-01-21,枋寮鄉,屏東縣,0.0
2025-01-21,林邊鄉,屏東縣,0.0
2025-01-21,梅山鄉,嘉義縣,0.0
2025-01-21,民雄鄉,嘉義縣,0.0
2025-01-21,水上鄉,嘉義縣,0.0
2025-01-21,水林鄉,雲林縣,0.0
2025-01-21,溪口鄉,嘉義縣,0.0
2025-01-21,溪湖鎮,彰化縣,0.0
2025-01-21,玉里鎮,花蓮縣,0.0
2025-01-21,田中鎮,彰化縣,0.0
2025-01-21,田尾鄉,彰化縣,0.0
2025-01-21,番路鄉,嘉義縣,0.0
2025-01-21,白河區,臺南市,0.0
2025-01-21,社頭鄉,彰化縣,0.0
2025-01-21,福興鄉,彰化縣,0.0
2025-01-21,秀水鄉,彰化縣,0.0
2025-01-21,竹崎鄉,嘉義縣,0.0
2025-01-21,線西鄉,彰化縣,0.0
2025-01-21,美濃區,高雄市,0.0
2025-01-21,義竹鄉,嘉義縣,0.0
2025-01-21,臺東市,臺東縣,0.0
2025-01-21,臺西鄉,雲林縣,0.0
2025-01-21,花蓮市,花蓮縣,0.0
2025-01-21,芳苑鄉,彰化縣,0.0
2025-01-21,草屯鎮,南投縣,0.0
2025-01-21,萬榮鄉,花蓮縣,0.0
2025-01-21,虎尾鎮,雲林縣,0.0
2025-01-21,褒忠鄉,雲林縣,0.0
2025-01-21,西區,嘉義市,0.0
2025-01-21,豐濱鄉,花蓮縣,0.0
2025-01-21,長治鄉,屏東縣,0.0
2025-01-21,鳳林鎮,花蓮縣,0.0
2025-01-21,鹽水區,臺南市,0.0
2025-01-21,鹿港鎮,彰化縣,0.0
2025-01-21,鹿草鄉,嘉義縣,0.0
2025-01-21,麥寮鄉,雲林縣,0.0
2025-01-22,中埔鄉,嘉義縣,0.0
2025-01-22,二林鎮,彰化縣,0.0
2025-01-22,二水鄉,彰化縣,0.0
2025-01-22,佳冬鄉,屏東縣,0.0
2025-01-22,元長鄉,雲林縣,0.0
2025-01-22,光復鄉,花蓮縣,0.0
2025-01-22,六腳鄉,嘉義縣,0.0
2025-01-22,北港鎮,雲林縣,0.0
2025-01-22,北門區,臺南市,0.0
2025-01-22,卓溪鄉,花蓮縣,0.0
2025-01-22,南州鄉,屏東縣,0.0
2025-01-22,南投市,南投縣,0.0
2025-01-22,口湖鄉,雲林縣,0.0
2025-01-22,和美鎮,彰化縣,0.0
2025-01-22,四湖鄉,雲林縣,0.0
2025-01-22,土庫鎮,雲林縣,0.0
2025-01-22,埔里鎮,南投縣,0.0
2025-01-22,埔鹽鄉,彰化縣,0.0
2025-01-22,壽豐鄉,花蓮縣,0.0
2025-01-22,大城鄉,彰化縣,0.0
2025-01-22,大埤鄉,雲林縣,0.0
2025-01-22,大村鄉,彰化縣,0.0
2025-01-22,太保市,嘉義縣,0.0
2025-01-22,富里鄉,花蓮縣,0.0
2025-01-22,布袋鎮,嘉義縣,0.0
2025-01-22,彰化市,彰化縣,0.0
2025-01-22,恆春鎮,屏東縣,0.0
2025-01-22,斗六市,雲林縣,0.0
2025-01-22,斗南鎮,雲林縣,0.0
2025-01-22,新城鄉,花蓮縣,0.0
2025-01-22,新港鄉,嘉義縣,0.0
2025-01-22,新營區,臺南市,0.0
2025-01-22,旗山區,高雄市,0.0
2025-01-22,朴子市,嘉義縣,0.0
2025-01-22,東勢鄉,雲林縣,0.0
2025-01-22,東區,新竹市,0.0
2025-01-22,東港鎮,屏東縣,0.0
2025-01-22,東石鄉,嘉義縣,0.0
2025-01-22,枋寮鄉,屏東縣,0.0
2025-01-22,林邊鄉,屏東縣,0.0
2025-01-22,梅山鄉,嘉義縣,0.0
2025-01-22,民雄鄉,嘉義縣,0.0
2025-01-22,水上鄉,嘉義縣,0.0
2025-01-22,水林鄉,雲林縣,0.0
2025-01-22,溪口鄉,嘉義縣,0.0
2025-01-22,溪湖鎮,彰化縣,0.0
2025-01-22,玉里鎮,花蓮縣,0.0
2025-01-22,田中鎮,彰化縣,0.0
2025-01-22,田尾鄉,彰化縣,0.0
2025-01-22,番路鄉,嘉義縣,0.0
2025-01-22,白河區,臺南市,0.0
2025-01-22,社頭鄉,彰化縣,0.0
2025-01-22,福興鄉,彰化縣,0.0
2025-01-22,秀水鄉,彰化縣,0.0
2025-01-22,竹崎鄉,嘉義縣,0.0
2025-01-22,線西鄉,彰化縣,0.0
2025-01-22,美濃區,高雄市,0.0
2025-01-22,義竹鄉,嘉義縣,0.0
2025-01-22,臺東市,臺東縣,0.0
2025-01-22,臺西鄉,雲林縣,0.0
2025-01-22,花蓮市,花蓮縣,0.0
2025-01-22,芳苑鄉,彰化縣,0.0
2025-01-22,草屯鎮,南投縣,0.0
2025-01-22,萬榮鄉,花蓮縣,0.0
2025-01-22,虎尾鎮,雲林縣,0.0
2025-01-22,褒忠鄉,雲林縣,0.0
2025-01-22,西區,嘉義市,0.0
2025-01-22,豐濱鄉,花蓮縣,0.0
2025-01-22,長治鄉,屏東縣,0.0
2025-01-22,鳳林鎮,花蓮縣,0.0
2025-01-22,鹽水區,臺南市,0.0
2025-01-22,鹿港鎮,彰化縣,0.0
2025-01-22,鹿草鄉,嘉義縣,0.0
2025-01-22,麥寮鄉,雲林縣,0.0
2025-01-23,中埔鄉,嘉義縣,0.0
2025-01-23,二林鎮,彰化縣,0.0
2025-01-23,二水鄉,彰化縣,0.0
2025-01-23,佳冬鄉,屏東縣,0.0
2025-01-23,元長鄉,雲林縣,0.0
2025-01-23,光復鄉,花蓮縣,0.0
2025-01-23,六腳鄉,嘉義縣,0.0
2025-01-23,北港鎮,雲林縣,0.0
2025-01-23,北門區,臺南市,0.0
2025-01-23,卓溪鄉,花蓮縣,0.0
2025-01-23,南州鄉,屏東縣,0.0
2025-01-23,南投市,南投縣,0.0
2025-01-23,口湖鄉,雲林縣,0.0
2025-01-23,和美鎮,彰化縣,0.0
2025-01-23,員林市,彰化縣,0.0
2025-01-23,四湖鄉,雲林縣,0.0
2025-01-23,土庫鎮,雲林縣,0.0
2025-01-23,埔里鎮,南投縣,0.0
2025-01-23,埔鹽鄉,彰化縣,0.0
2025-01-23,壽豐鄉,花蓮縣,0.0
2025-01-23,大城鄉,彰化縣,0.0
2025-01-23,大埤鄉,雲林縣,0.0
2025-01-23,大村鄉,彰化縣,0.0
2025-01-23,太保市,嘉義縣,0.0
2025-01-23,富里鄉,花蓮縣,0.0
2025-01-23,布袋鎮,嘉義縣,0.0
2025-01-23,彰化市,彰化縣,0.0
2025-01-23,恆春鎮,屏東縣,0.0
2025-01-23,斗六市,雲林縣,0.0
2025-01-23,斗南鎮,雲林縣,0.0
2025-01-23,新城鄉,花蓮縣,0.0
2025-01-23,新港鄉,嘉義縣,0.0
2025-01-23,新營區,臺南市,0.0
2025-01-23,旗山區,高雄市,0.0
2025-01-23,朴子市,嘉義縣,0.0
2025-01-23,東勢鄉,雲林縣,0.0
2025-01-23,東區,新竹市,0.0
2025-01-23,東港鎮,屏東縣,0.0
2025-01-23,東石鄉,嘉義縣,0.0
2025-01-23,枋寮鄉,屏東縣,0.0
2025-01-23,林邊鄉,屏東縣,0.0
2025-01-23,梅山鄉,嘉義縣,0.0
2025-01-23,民雄鄉,嘉義縣,0.0
2025-01-23,水上鄉,嘉義縣,0.0
2025-01-23,水林鄉,雲林縣,0.0
2025-01-23,溪口鄉,嘉義縣,0.0
2025-01-23,溪湖鎮,彰化縣,0.0
2025-01-23,玉里鎮,花蓮縣,0.0
2025-01-23,田中鎮,彰化縣,0.0
2025-01-23,田尾鄉,彰化縣,0.0
2025-01-23,番路鄉,嘉義縣,0.0
2025-01-23,白河區,臺南市,0.0
2025-01-23,社頭鄉,彰化縣,0.0
2025-01-23,福興鄉,彰化縣,0.0
2025-01-23,秀水鄉,彰化縣,0.0
2025-01-23,竹崎鄉,嘉義縣,0.0
2025-01-23,線西鄉,彰化縣,0.0
2025-01-23,美濃區,高雄市,0.0
2025-01-23,義竹鄉,嘉義縣,0.0
2025-01-23,臺東市,臺東縣,0.0
2025-01-23,臺西鄉,雲林縣,0.0
2025-01-23,花蓮市,花蓮縣,0.0
2025-01-23,芳苑鄉,彰化縣,0.0
2025-01-23,草屯鎮,南投縣,0.0
2025-01-23,萬榮鄉,花蓮縣,0.0
2025-01-23,虎尾鎮,雲林縣,0.0
2025-01-23,褒忠鄉,雲林縣,0.0
2025-01-23,西區,嘉義市,0.0
2025-01-23,豐濱鄉,花蓮縣,0.0
2025-01-23,長治鄉,屏東縣,0.0
2025-01-23,鳳林鎮,花蓮縣,0.0
2025-01-23,鹽水區,臺南市,0.0
2025-01-23,鹿港鎮,彰化縣,0.0
2025-01-23,鹿草鄉,嘉義縣,0.0
2025-01-23,麥寮鄉,雲林縣,0.0
2025-01-24,中埔鄉,嘉義縣,0.0
2025-01-24,二林鎮,彰化縣,0.0
2025-01-24,二水鄉,彰化縣,0.0
2025-01-24,佳冬鄉,屏東縣,0.0
2025-01-24,元長鄉,雲林縣,0.0
2025-01-24,光復鄉,花蓮縣,0.0
2025-01-24,六腳鄉,嘉義縣,0.0
2025-01-24,北港鎮,雲林縣,0.0
2025-01-24,北門區,臺南市,0.0
2025-01-24,卓溪鄉,花蓮縣,0.0
2025-01-24,南州鄉,屏東縣,0.0
2025-01-24,南投市,南投縣,0.0
2025-01-24,口湖鄉,雲林縣,0.0
2025-01-24,和美鎮,彰化縣,0.0
2025-01-24,員林市,彰化縣,0.0
2025-01-24,四湖鄉,雲林縣,0.0
2025-01-24,土庫鎮,雲林縣,0.0
2025-01-24,埔里鎮,南投縣,0.0
2025-01-24,埔鹽鄉,彰化縣,0.0
2025-01-24,壽豐鄉,花蓮縣,0.0
2025-01-24,大城鄉,彰化縣,0.0
2025-01-24,大埤鄉,雲林縣,0.0
2025-01-24,大村鄉,彰化縣,0.0
2025-01-24,太保市,嘉義縣,0.0
2025-01-24,富里鄉,花蓮縣,0.0
2025-01-24,布袋鎮,嘉義縣,0.0
2025-01-24,彰化市,彰化縣,0.0
2025-01-24,恆春鎮,屏東縣,0.0
2025-01-24,斗六市,雲林縣,0.0
2025-01-24,斗南鎮,雲林縣,0.0
2025-01-24,新城鄉,花蓮縣,0.0
2025-01-24,新港鄉,嘉義縣,0.0
2025-01-24,新營區,臺南市,0.0
2025-01-24,旗山區,高雄市,0.0
2025-01-24,朴子市,嘉義縣,0.0
2025-01-24,東勢鄉,雲林縣,0.0
2025-01-24,東區,新竹市,0.0
2025-01-24,東港鎮,屏東縣,0.0
2025-01-24,東石鄉,嘉義縣,0.0
2025-01-24,枋寮鄉,屏東縣,0.0
2025-01-24,林邊鄉,屏東縣,0.0
2025-01-24,梅山鄉,嘉義縣,0.0
2025-01-24,民雄鄉,嘉義縣,0.0
2025-01-24,水上鄉,嘉義縣,0.0
2025-01-24,水林鄉,雲林縣,0.0
2025-01-24,溪口鄉,嘉義縣,0.0
2025-01-24,溪湖鎮,彰化縣,0.0
2025-01-24,玉里鎮,花蓮縣,0.0
2025-01-24,田中鎮,彰化縣,0.0
2025-01-24,田尾鄉,彰化縣,0.0
2025-01-24,番路鄉,嘉義縣,0.0
2025-01-24,白河區,臺南市,0.0
2025-01-24,社頭鄉,彰化縣,0.0
2025-01-24,福興鄉,彰化縣,0.0
2025-01-24,秀水鄉,彰化縣,0.0
2025-01-24,竹崎鄉,嘉義縣,0.0
2025-01-24,線西鄉,彰化縣,0.0
2025-01-24,美濃區,高雄市,0.0
2025-01-24,義竹鄉,嘉義縣,0.0
2025-01-24,臺東市,臺東縣,0.0
2025-01-24,臺西鄉,雲林縣,0.0
2025-01-24,花蓮市,花蓮縣,0.0
2025-01-24,芳苑鄉,彰化縣,0.0
2025-01-24,草屯鎮,南投縣,0.0
2025-01-24,萬榮鄉,花蓮縣,0.0
2025-01-24,虎尾鎮,雲林縣,0.0
2025-01-24,褒忠鄉,雲林縣,0.0
2025-01-24,西區,嘉義市,0.0
2025-01-24,豐濱鄉,花蓮縣,0.0
2025-01-24,長治鄉,屏東縣,0.0
2025-01-24,鳳林鎮,花蓮縣,0.0
2025-01-24,鹽水區,臺南市,0.0
2025-01-24,鹿港鎮,彰化縣,0.0
2025-01-24,鹿草鄉,嘉義縣,0.0
2025-01-24,麥寮鄉,雲林縣,0.0
2025-01-25,中埔鄉,嘉義縣,0.0
2025-01-25,二林鎮,彰化縣,0.0
2025-01-25,二水鄉,彰化縣,0.0
2025-01-25,佳冬鄉,屏東縣,0.0
2025-01-25,元長鄉,雲林縣,0.0
2025-01-25,光復鄉,花蓮縣,0.0
2025-01-25,六腳鄉,嘉義縣,0.0
2025-01-25,北港鎮,雲林縣,0.0
2025-01-25,北門區,臺南市,0.0
2025-01-25,卓溪鄉,花蓮縣,0.0
2025-01-25,南州鄉,屏東縣,0.0
2025-01-25,南投市,南投縣,0.0
2025-01-25,口湖鄉,雲林縣,0.0
2025-01-25,和美鎮,彰化縣,0.0
2025-01-25,員林市,彰化縣,0.0
2025-01-25,四湖鄉,雲林縣,0.0
2025-01-25,土庫鎮,雲林縣,0.0
2025-01-25,埔里鎮,南投縣,0.0
2025-01-25,埔鹽鄉,彰化縣,0.0
2025-01-25,壽豐鄉,花蓮縣,0.0
2025-01-25,大城鄉,彰化縣,0.0
2025-01-25,大埤鄉,雲林縣,0.0
2025-01-25,大村鄉,彰化縣,0.0
2025-01-25,太保市,嘉義縣,0.0
2025-01-25,富里鄉,花蓮縣,0.0
2025-01-25,布袋鎮,嘉義縣,0.0
2025-01-25,彰化市,彰化縣,0.0
2025-01-25,恆春鎮,屏東縣,0.0
2025-01-25,斗六市,雲林縣,0.0
2025-01-25,斗南鎮,雲林縣,0.0
2025-01-25,新城鄉,花蓮縣,0.0
2025-01-25,新港鄉,嘉義縣,0.0
2025-01-25,新營區,臺南市,0.0
2025-01-25,旗山區,高雄市,0.0
2025-01-25,朴子市,嘉義縣,0.0
2025-01-25,東勢鄉,雲林縣,0.0
2025-01-25,東區,新竹市,0.0
2025-01-25,東港鎮,屏東縣,0.0
2025-01-25,東石鄉,嘉義縣,0.0
2025-01-25,枋寮鄉,屏東縣,0.0
2025-01-25,林邊鄉,屏東縣,0.0
2025-01-25,梅山鄉,嘉義縣,0.0
2025-01-25,民雄鄉,嘉義縣,0.0
2025-01-25,水上鄉,嘉義縣,0.0
2025-01-25,水林鄉,雲林縣,0.0
2025-01-25,溪口鄉,嘉義縣,0.0
2025-01-25,溪湖鎮,彰化縣,0.0
2025-01-25,玉里鎮,花蓮縣,0.0
2025-01-25,田中鎮,彰化縣,0.0
2025-01-25,田尾鄉,彰化縣,0.0
2025-01-25,番路鄉,嘉義縣,0.0
2025-01-25,白河區,臺南市,0.0
2025-01-25,社頭鄉,彰化縣,0.0
2025-01-25,福興鄉,彰化縣,0.0
2025-01-25,秀水鄉,彰化縣,0.0
2025-01-25,竹崎鄉,嘉義縣,0.0
2025-01-25,線西鄉,彰化縣,0.0
2025-01-25,美濃區,高雄市,0.0
2025-01-25,義竹鄉,嘉義縣,0.0
2025-01-25,臺東市,臺東縣,0.0
2025-01-25,臺西鄉,雲林縣,0.0
2025-01-25,花蓮市,花蓮縣,0.0
2025-01-25,芳苑鄉,彰化縣,0.0
2025-01-25,草屯鎮,南投縣,0.0
2025-01-25,萬榮鄉,花蓮縣,0.0
2025-01-25,虎尾鎮,雲林縣,0.0
2025-01-25,褒忠鄉,雲林縣,0.0
2025-01-25,西區,嘉義市,0.0
2025-01-25,豐濱鄉,花蓮縣,0.0
2025-01-25,長治鄉,屏東縣,0.0
2025-01-25,鳳林鎮,花蓮縣,0.0
2025-01-25,鹽水區,臺南市,0.0
2025-01-25,鹿港鎮,彰化縣,0.0
2025-01-25,鹿草鄉,嘉義縣,0.0
2025-01-25,麥寮鄉,雲林縣,0.0
2025-01-26,中埔鄉,嘉義縣,0.0
2025-01-26,二林鎮,彰化縣,0.0
2025-01-26,二水鄉,彰化縣,0.0
2025-01-26,佳冬鄉,屏東縣,0.0
2025-01-26,元長鄉,雲林縣,0.0
2025-01-26,光復鄉,花蓮縣,0.0
2025-01-26,六腳鄉,嘉義縣,0.0
2025-01-26,北港鎮,雲林縣,0.0
2025-01-26,北門區,臺南市,0.0
2025-01-26,卓溪鄉,花蓮縣,0.0
2025-01-26,南州鄉,屏東縣,0.0
2025-01-26,南投市,南投縣,0.0
2025-01-26,口湖鄉,雲林縣,0.0
2025-01-26,和美鎮,彰化縣,0.0
2025-01-26,員林市,彰化縣,0.0
2025-01-26,四湖鄉,雲林縣,0.0
2025-01-26,土庫鎮,雲林縣,0.0
2025-01-26,埔里鎮,南投縣,0.0
2025-01-26,埔鹽鄉,彰化縣,0.0
2025-01-26,壽豐鄉,花蓮縣,0.0
2025-01-26,大城鄉,彰化縣,0.0
2025-01-26,大埤鄉,雲林縣,0.0
2025-01-26,大村鄉,彰化縣,0.0
2025-01-26,太保市,嘉義縣,0.0
2025-01-26,富里鄉,花蓮縣,0.0
2025-01-26,布袋鎮,嘉義縣,0.0
2025-01-26,彰化市,彰化縣,0.0
2025-01-26,恆春鎮,屏東縣,0.0
2025-01-26,斗六市,雲林縣,0.0
2025-01-26,斗南鎮,雲林縣,0.0
2025-01-26,新城鄉,花蓮縣,0.0
2025-01-26,新港鄉,嘉義縣,0.0
2025-01-26,新營區,臺南市,0.0
2025-01-26,旗山區,高雄市,0.0
2025-01-26,朴子市,嘉義縣,0.0
2025-01-26,東勢鄉,雲林縣,0.0
2025-01-26,東區,新竹市,0.0
2025-01-26,東港鎮,屏東縣,0.0
2025-01-26,東石鄉,嘉義縣,0.0
2025-01-26,枋寮鄉,屏東縣,0.0
2025-01-26,林邊鄉,屏東縣,0.0
2025-01-26,梅山鄉,嘉義縣,0.0
2025-01-26,民雄鄉,嘉義縣,0.0
2025-01-26,水上鄉,嘉義縣,0.0
2025-01-26,水林鄉,雲林縣,0.0
2025-01-26,溪口鄉,嘉義縣,0.0
2025-01-26,溪湖鎮,彰化縣,0.0
2025-01-26,玉里鎮,花蓮縣,0.0
2025-01-26,田中鎮,彰化縣,0.0
2025-01-26,田尾鄉,彰化縣,0.0
2025-01-26,番路鄉,嘉義縣,0.0
2025-01-26,白河區,臺南市,0.0
2025-01-26,社頭鄉,彰化縣,0.0
2025-01-26,福興鄉,彰化縣,0.0
2025-01-26,秀水鄉,彰化縣,0.0
2025-01-26,竹崎鄉,嘉義縣,0.0
2025-01-26,線西鄉,彰化縣,0.0
2025-01-26,美濃區,高雄市,0.0
2025-01-26,義竹鄉,嘉義縣,0.0
2025-01-26,臺東市,臺東縣,0.0
2025-01-26,臺西鄉,雲林縣,0.0
2025-01-26,花蓮市,花蓮縣,0.0
2025-01-26,芳苑鄉,彰化縣,0.0
2025-01-26,草屯鎮,南投縣,0.0
2025-01-26,萬榮鄉,花蓮縣,0.0
2025-01-26,虎尾鎮,雲林縣,0.0
2025-01-26,褒忠鄉,雲林縣,0.0
2025-01-26,西區,嘉義市,0.0
2025-01-26,豐濱鄉,花蓮縣,0.0
2025-01-26,長治鄉,屏東縣,0.0
2025-01-26,鳳林鎮,花蓮縣,0.0
2025-01-26,鹽水區,臺南市,0.0
2025-01-26,鹿港鎮,彰化縣,0.0
2025-01-26,鹿草鄉,嘉義縣,0.0
2025-01-26,麥寮鄉,雲林縣,0.0
2025-01-27,中埔鄉,嘉義縣,0.0
2025-01-27,二林鎮,彰化縣,0.0
2025-01-27,二水鄉,彰化縣,0.0
2025-01-27,佳冬鄉,屏東縣,0.0
2025-01-27,元長鄉,雲林縣,0.0
2025-01-27,光復鄉,花蓮縣,0.0
2025-01-27,六腳鄉,嘉義縣,0.0
2025-01-27,北港鎮,雲林縣,0.0
2025-01-27,北門區,臺南市,0.0
2025-01-27,卓溪鄉,花蓮縣,0.0
2025-01-27,南州鄉,屏東縣,0.0
2025-01-27,南投市,南投縣,0.0
2025-01-27,口湖鄉,雲林縣,0.0
2025-01-27,和美鎮,彰化縣,0.0
2025-01-27,員林市,彰化縣,0.0
2025-01-27,四湖鄉,雲林縣,0.0
2025-01-27,土庫鎮,雲林縣,0.0
2025-01-27,埔里鎮,南投縣,0.0
2025-01-27,埔鹽鄉,彰化縣,0.0
2025-01-27,壽豐鄉,花蓮縣,0.0
2025-01-27,大城鄉,彰化縣,0.0
2025-01-27,大埤鄉,雲林縣,0.0
2025-01-27,大村鄉,彰化縣,0.0
2025-01-27,太保市,嘉義縣,0.0
2025-01-27,富里鄉,花蓮縣,0.0
2025-01-27,布袋鎮,嘉義縣,0.0
2025-01-27,彰化市,彰化縣,0.0
2025-01-27,恆春鎮,屏東縣,0.0
2025-01-27,斗六市,雲林縣,0.0
2025-01-27,斗南鎮,雲林縣,0.0
2025-01-27,新城鄉,花蓮縣,0.0
2025-01-27,新港鄉,嘉義縣,0.0
2025-01-27,新營區,臺南市,0.0
2025-01-27,旗山區,高雄市,0.0
2025-01-27,朴子市,嘉義縣,0.0
2025-01-27,東勢鄉,雲林縣,0.0
2025-01-27,東區,新竹市,0.0
2025-01-27,東港鎮,屏東縣,0.0
2025-01-27,東石鄉,嘉義縣,0.0
2025-01-27,枋寮鄉,屏東縣,0.0
2025-01-27,林邊鄉,屏東縣,0.0
2025-01-27,梅山鄉,嘉義縣,0.0
2025-01-27,民雄鄉,嘉義縣,0.0
2025-01-27,水上鄉,嘉義縣,0.0
2025-01-27,水林鄉,雲林縣,0.0
2025-01-27,溪口鄉,嘉義縣,0.0
2025-01-27,溪湖鎮,彰化縣,0.0
2025-01-27,玉里鎮,花蓮縣,0.0
2025-01-27,田中鎮,彰化縣,0.0
2025-01-27,田尾鄉,彰化縣,0.0
2025-01-27,番路鄉,嘉義縣,0.0
2025-01-27,白河區,臺南市,0.0
2025-01-27,社頭鄉,彰化縣,0.0
2025-01-27,福興鄉,彰化縣,0.0
2025-01-27,秀水鄉,彰化縣,0.0
2025-01-27,竹崎鄉,嘉義縣,0.0
2025-01-27,線西鄉,彰化縣,0.0
2025-01-27,美濃區,高雄市,0.0
2025-01-27,義竹鄉,嘉義縣,0.0
2025-01-27,臺東市,臺東縣,0.0
2025-01-27,臺西鄉,雲林縣,0.0
2025-01-27,花蓮市,花蓮縣,0.0
2025-01-27,芳苑鄉,彰化縣,0.0
2025-01-27,草屯鎮,南投縣,0.0
2025-01-27,萬榮鄉,花蓮縣,0.0
2025-01-27,虎尾鎮,雲林縣,0.0
2025-01-27,褒忠鄉,雲林縣,0.0
2025-01-27,西區,嘉義市,0.0
2025-01-27,豐濱鄉,花蓮縣,0.0
2025-01-27,長治鄉,屏東縣,0.0
2025-01-27,鳳林鎮,花蓮縣,0.0
2025-01-27,鹽水區,臺南市,0.0
2025-01-27,鹿港鎮,彰化縣,0.0
2025-01-27,鹿草鄉,嘉義縣,0.0
2025-01-27,麥寮鄉,雲林縣,0.0
2025-01-28,中埔鄉,嘉義縣,0.0
2025-01-28,二林鎮,彰化縣,0.0
2025-01-28,二水鄉,彰化縣,0.0
2025-01-28,佳冬鄉,屏東縣,0.0
2025-01-28,元長鄉,雲林縣,0.0
2025-01-28,光復鄉,花蓮縣,0.0
2025-01-28,六腳鄉,嘉義縣,0.0
2025-01-28,北港鎮,雲林縣,0.0
2025-01-28,北門區,臺南市,0.0
2025-01-28,卓溪鄉,花蓮縣,0.0
2025-01-28,南州鄉,屏東縣,0.0
2025-01-28,南投市,南投縣,0.0
2025-01-28,口湖鄉,雲林縣,0.0
2025-01-28,和美鎮,彰化縣,0.0
2025-01-28,員林市,彰化縣,0.0
2025-01-28,四湖鄉,雲林縣,0.0
2025-01-28,土庫鎮,雲林縣,0.0
2025-01-28,埔里鎮,南投縣,0.0
2025-01-28,埔鹽鄉,彰化縣,0.0
2025-01-28,壽豐鄉,花蓮縣,0.0
2025-01-28,大城鄉,彰化縣,0.0
2025-01-28,大埤鄉,雲林縣,0.0
2025-01-28,大村鄉,彰化縣,0.0
2025-01-28,太保市,嘉義縣,0.0
2025-01-28,富里鄉,花蓮縣,0.0
2025-01-28,布袋鎮,嘉義縣,0.0
2025-01-28,彰化市,彰化縣,0.0
2025-01-28,恆春鎮,屏東縣,0.0
2025-01-28,斗六市,雲林縣,0.0
2025-01-28,斗南鎮,雲林縣,0.0
2025-01-28,新城鄉,花蓮縣,0.0
2025-01-28,新港鄉,嘉義縣,0.0
2025-01-28,新營區,臺南市,0.0
2025-01-28,旗山區,高雄市,0.0
2025-01-28,朴子市,嘉義縣,0.0
2025-01-28,東勢鄉,雲林縣,0.0
2025-01-28,東區,新竹市,0.0
2025-01-28,東港鎮,屏東縣,0.0
2025-01-28,東石鄉,嘉義縣,0.0
2025-01-28,枋寮鄉,屏東縣,0.0
2025-01-28,林邊鄉,屏東縣,0.0
2025-01-28,梅山鄉,嘉義縣,0.0
2025-01-28,民雄鄉,嘉義縣,0.0
2025-01-28,水上鄉,嘉義縣,0.0
2025-01-28,水林鄉,雲林縣,0.0
2025-01-28,溪口鄉,嘉義縣,0.0
2025-01-28,溪湖鎮,彰化縣,0.0
2025-01-28,玉里鎮,花蓮縣,0.0
2025-01-28,田中鎮,彰化縣,0.0
2025-01-28,田尾鄉,彰化縣,0.0
2025-01-28,番路鄉,嘉義縣,0.0
2025-01-28,白河區,臺南市,0.0
2025-01-28,社頭鄉,彰化縣,0.0
2025-01-28,福興鄉,彰化縣,0.0
2025-01-28,秀水鄉,彰化縣,0.0
2025-01-28,竹崎鄉,嘉義縣,0.0
2025-01-28,線西鄉,彰化縣,0.0
2025-01-28,美濃區,高雄市,0.0
2025-01-28,義竹鄉,嘉義縣,0.0
2025-01-28,臺東市,臺東縣,0.0
2025-01-28,臺西鄉,雲林縣,0.0
2025-01-28,花蓮市,花蓮縣,0.0
2025-01-28,芳苑鄉,彰化縣,0.0
2025-01-28,草屯鎮,南投縣,0.0
2025-01-28,萬榮鄉,花蓮縣,0.0
2025-01-28,虎尾鎮,雲林縣,0.0
2025-01-28,褒忠鄉,雲林縣,0.0
2025-01-28,西區,嘉義市,0.0
2025-01-28,豐濱鄉,花蓮縣,0.0
2025-01-28,長治鄉,屏東縣,0.0
2025-01-28,鳳林鎮,花蓮縣,0.0
2025-01-28,鹽水區,臺南市,0.0
2025-01-28,鹿港鎮,彰化縣,0.0
2025-01-28,鹿草鄉,嘉義縣,0.0
2025-01-28,麥寮鄉,雲林縣,0.0
2025-01-29,二林鎮,彰化縣,0.0
2025-01-29,二水鄉,彰化縣,0.0
2025-01-29,佳冬鄉,屏東縣,0.0
2025-01-29,光復鄉,花蓮縣,0.0
2025-01-29,卓溪鄉,花蓮縣,0.0
2025-01-29,南州鄉,屏東縣,0.0
2025-01-29,南投市,南投縣,0.0
2025-01-29,和美鎮,彰化縣,0.0
2025-01-29,員林市,彰化縣,0.0
2025-01-29,埔里鎮,南投縣,0.0
2025-01-29,埔鹽鄉,彰化縣,0.0
2025-01-29,壽豐鄉,花蓮縣,0.0
2025-01-29,大城鄉,彰化縣,0.0
2025-01-29,大村鄉,彰化縣,0.0
2025-01-29,富里鄉,花蓮縣,0.0
2025-01-29,彰化市,彰化縣,0.0
2025-01-29,恆春鎮,屏東縣,0.0
2025-01-29,新城鄉,花蓮縣,0.0
2025-01-29,新港鄉,嘉義縣,0.0
2025-01-29,旗山區,高雄市,0.0
2025-01-29,東港鎮,屏東縣,0.0
2025-01-29,東石鄉,嘉義縣,0.0
2025-01-29,枋寮鄉,屏東縣,0.0
2025-01-29,林邊鄉,屏東縣,0.0
2025-01-29,溪口鄉,嘉義縣,0.0
2025-01-29,溪湖鎮,彰化縣,0.0
2025-01-29,玉里鎮,花蓮縣,0.0
2025-01-29,田中鎮,彰化縣,0.0
2025-01-29,田尾鄉,彰化縣,0.0
2025-01-29,社頭鄉,彰化縣,0.0
2025-01-29,福興鄉,彰化縣,0.0
2025-01-29,秀水鄉,彰化縣,0.0
2025-01-29,線西鄉,彰化縣,0.0
2025-01-29,美濃區,高雄市,0.0
2025-01-29,臺東市,臺東縣,0.0
2025-01-29,花蓮市,花蓮縣,0.0
2025-01-29,芳苑鄉,彰化縣,0.0
2025-01-29,草屯鎮,南投縣,0.0
2025-01-29,萬榮鄉,花蓮縣,0.0
2025-01-29,虎尾鎮,雲林縣,0.0
2025-01-29,豐濱鄉,花蓮縣,0.0
2025-01-29,長治鄉,屏東縣,0.0
2025-01-29,鳳林鎮,花蓮縣,0.0
2025-01-29,鹿港鎮,彰化縣,0.0
2025-01-30,二林鎮,彰化縣,0.0
2025-01-30,二水鄉,彰化縣,0.0
2025-01-30,佳冬鄉,屏東縣,0.0
2025-01-30,光復鄉,花蓮縣,0.0
2025-01-30,卓溪鄉,花蓮縣,0.0
2025-01-30,南州鄉,屏東縣,0.0
2025-01-30,南投市,南投縣,0.0
2025-01-30,和美鎮,彰化縣,0.0
2025-01-30,員林市,彰化縣,0.0
2025-01-30,埔里鎮,南投縣,0.0
2025-01-30,埔鹽鄉,彰化縣,0.0
2025-01-30,壽豐鄉,花蓮縣,0.0
2025-01-30,大城鄉,彰化縣,0.0
2025-01-30,大村鄉,彰化縣,0.0
2025-01-30,富里鄉,花蓮縣,0.0
2025-01-30,彰化市,彰化縣,0.0
2025-01-30,恆春鎮,屏東縣,0.0
2025-01-30,新城鄉,花蓮縣,0.0
2025-01-30,新港鄉,嘉義縣,0.0
2025-01-30,旗山區,高雄市,0.0
2025-01-30,東港鎮,屏東縣,0.0
2025-01-30,東石鄉,嘉義縣,0.0
2025-01-30,枋寮鄉,屏東縣,0.0
2025-01-30,林邊鄉,屏東縣,0.0
2025-01-30,溪口鄉,嘉義縣,0.0
2025-01-30,溪湖鎮,彰化縣,0.0
2025-01-30,玉里鎮,花蓮縣,0.0
2025-01-30,田中鎮,彰化縣,0.0
2025-01-30,田尾鄉,彰化縣,0.0
2025-01-30,社頭鄉,彰化縣,0.0
2025-01-30,福興鄉,彰化縣,0.0
2025-01-30,秀水鄉,彰化縣,0.0
2025-01-30,線西鄉,彰化縣,0.0
2025-01-30,美濃區,高雄市,0.0
2025-01-30,臺東市,臺東縣,0.0
2025-01-30,花蓮市,花蓮縣,0.0
2025-01-30,芳苑鄉,彰化縣,0.0
2025-01-30,草屯鎮,南投縣,0.0
2025-01-30,萬榮鄉,花蓮縣,0.0
2025-01-30,虎尾鎮,雲林縣,0.0
2025-01-30,豐濱鄉,花蓮縣,0.0
2025-01-30,長治鄉,屏東縣,0.0
2025-01-30,鳳林鎮,花蓮縣,0.0
2025-01-30,鹿港鎮,彰化縣,0.0
2025-01-31,中埔鄉,嘉義縣,0.0
2025-01-31,二林鎮,彰化縣,0.0
2025-01-31,二水鄉,彰化縣,0.0
2025-01-31,佳冬鄉,屏東縣,0.0
2025-01-31,元長鄉,雲林縣,0.0
2025-01-31,光復鄉,花蓮縣,0.0
2025-01-31,六腳鄉,嘉義縣,0.0
2025-01-31,北港鎮,雲林縣,0.0
2025-01-31,北門區,臺南市,0.0
2025-01-31,卓溪鄉,花蓮縣,0.0
2025-01-31,南州鄉,屏東縣,0.0
2025-01-31,南投市,南投縣,0.0
2025-01-31,口湖鄉,雲林縣,0.0
2025-01-31,和美鎮,彰化縣,0.0
2025-01-31,員林市,彰化縣,0.0
2025-01-31,四湖鄉,雲林縣,0.0
2025-01-31,土庫鎮,雲林縣,0.0
2025-01-31,埔里鎮,南投縣,0.0
2025-01-31,埔鹽鄉,彰化縣,0.0
2025-01-31,壽豐鄉,花蓮縣,0.0
2025-01-31,大城鄉,彰化縣,0.0
2025-01-31,大埤鄉,雲林縣,0.0
2025-01-31,大村鄉,彰化縣,0.0
2025-01-31,太保市,嘉義縣,0.0
2025-01-31,富里鄉,花蓮縣,0.0
2025-01-31,布袋鎮,嘉義縣,0.0
2025-01-31,彰化市,彰化縣,0.0
2025-01-31,恆春鎮,屏東縣,0.0
2025-01-31,斗六市,雲林縣,0.0
2025-01-31,斗南鎮,雲林縣,0.0
2025-01-31,新城鄉,花蓮縣,0.0
2025-01-31,新港鄉,嘉義縣,0.0
2025-01-31,新營區,臺南市,0.0
2025-01-31,旗山區,高雄市,0.0
2025-01-31,朴子市,嘉義縣,0.0
2025-01-31,東勢鄉,雲林縣,0.0
2025-01-31,東區,新竹市,0.0
2025-01-31,東港鎮,屏東縣,0.0
2025-01-31,東石鄉,嘉義縣,0.0
2025-01-31,枋寮鄉,屏東縣,0.0
2025-01-31,林邊鄉,屏東縣,0.0
2025-01-31,梅山鄉,嘉義縣,0.0
2025-01-31,民雄鄉,嘉義縣,0.0
2025-01-31,水上鄉,嘉義縣,0.0
2025-01-31,水林鄉,雲林縣,0.0
2025-01-31,溪口鄉,嘉義縣,0.0
2025-01-31,溪湖鎮,彰化縣,0.0
2025-01-31,玉里鎮,花蓮縣,0.0
2025-01-31,田中鎮,彰化縣,0.0
2025-01-31,田尾鄉,彰化縣,0.0
2025-01-31,番路鄉,嘉義縣,0.0
2025-01-31,白河區,臺南市,0.0
2025-01-31,社頭鄉,彰化縣,0.0
2025-01-31,福興鄉,彰化縣,0.0
2025-01-31,秀水鄉,彰化縣,0.0
2025-01-31,竹崎鄉,嘉義縣,0.0
2025-01-31,線西鄉,彰化縣,0.0
2025-01-31,美濃區,高雄市,0.0
2025-01-31,義竹鄉,嘉義縣,0.0
2025-01-31,臺東市,臺東縣,0.0
2025-01-31,臺西鄉,雲林縣,0.0
2025-01-31,花蓮市,花蓮縣,0.0
2025-01-31,芳苑鄉,彰化縣,0.0
2025-01-31,草屯鎮,南投縣,0.0
2025-01-31,萬榮鄉,花蓮縣,0.0
2025-01-31,虎尾鎮,雲林縣,0.0
2025-01-31,褒忠鄉,雲林縣,0.0
2025-01-31,西區,嘉義市,0.0
2025-01-31,豐濱鄉,花蓮縣,0.0
2025-01-31,長治鄉,屏東縣,0.0
2025-01-31,鳳林鎮,花蓮縣,0.0
2025-01-31,鹽水區,臺南市,0.0
2025-01-31,鹿港鎮,彰化縣,0.0
2025-01-31,鹿草鄉,嘉義縣,0.0
2025-01-31,麥寮鄉,雲林縣,0.0
2025-02-01,中埔鄉,嘉義縣,0.0
2025-02-01,二林鎮,彰化縣,0.0
2025-02-01,二水鄉,彰化縣,0.0
2025-02-01,佳冬鄉,屏東縣,0.0
2025-02-01,元長鄉,雲林縣,0.0
2025-02-01,光復鄉,花蓮縣,0.0
2025-02-01,六腳鄉,嘉義縣,0.0
2025-02-01,北港鎮,雲林縣,0.0
2025-02-01,北門區,臺南市,0.0
2025-02-01,卓溪鄉,花蓮縣,0.0
2025-02-01,南州鄉,屏東縣,0.0
2025-02-01,南投市,南投縣,0.0
2025-02-01,口湖鄉,雲林縣,0.0
2025-02-01,和美鎮,彰化縣,0.0
2025-02-01,員林市,彰化縣,0.0
2025-02-01,四湖鄉,雲林縣,0.0
2025-02-01,土庫鎮,雲林縣,0.0
2025-02-01,埔里鎮,南投縣,0.0
2025-02-01,埔鹽鄉,彰化縣,0.0
2025-02-01,壽豐鄉,花蓮縣,0.0
2025-02-01,大城鄉,彰化縣,0.0
2025-02-01,大埤鄉,雲林縣,0.0
2025-02-01,大村鄉,彰化縣,0.0
2025-02-01,太保市,嘉義縣,0.0
2025-02-01,富里鄉,花蓮縣,0.0
2025-02-01,布袋鎮,嘉義縣,0.0
2025-02-01,彰化市,彰化縣,0.0
2025-02-01,恆春鎮,屏東縣,0.0
2025-02-01,斗六市,雲林縣,0.0
2025-02-01,斗南鎮,雲林縣,0.0
2025-02-01,新城鄉,花蓮縣,0.0
2025-02-01,新港鄉,嘉義縣,0.0
2025-02-01,新營區,臺南市,0.0
2025-02-01,旗山區,高雄市,0.0
2025-02-01,朴子市,嘉義縣,0.0
2025-02-01,東勢鄉,雲林縣,0.0
2025-02-01,東區,新竹市,0.0
2025-02-01,東港鎮,屏東縣,0.0
2025-02-01,東石鄉,嘉義縣,0.0
2025-02-01,枋寮鄉,屏東縣,0.0
2025-02-01,林邊鄉,屏東縣,0.0
2025-02-01,梅山鄉,嘉義縣,0.0
2025-02-01,民雄鄉,嘉義縣,0.0
2025-02-01,水上鄉,嘉義縣,0.0
2025-02-01,水林鄉,雲林縣,0.0
2025-02-01,溪口鄉,嘉義縣,0.0
2025-02-01,溪湖鎮,彰化縣,0.0
2025-02-01,玉里鎮,花蓮縣,0.0
2025-02-01,田中鎮,彰化縣,0.0
2025-02-01,田尾鄉,彰化縣,0.0
2025-02-01,番路鄉,嘉義縣,0.0
2025-02-01,白河區,臺南市,0.0
2025-02-01,社頭鄉,彰化縣,0.0
2025-02-01,福興鄉,彰化縣,0.0
2025-02-01,秀水鄉,彰化縣,0.0
2025-02-01,竹崎鄉,嘉義縣,0.0
2025-02-01,線西鄉,彰化縣,0.0
2025-02-01,美濃區,高雄市,0.0
2025-02-01,義竹鄉,嘉義縣,0.0
2025-02-01,臺東市,臺東縣,0.0
2025-02-01,臺西鄉,雲林縣,0.0
2025-02-01,花蓮市,花蓮縣,0.0
2025-02-01,芳苑鄉,彰化縣,0.0
2025-02-01,草屯鎮,南投縣,0.0
2025-02-01,萬榮鄉,花蓮縣,0.0
2025-02-01,虎尾鎮,雲林縣,0.0
2025-02-01,褒忠鄉,雲林縣,0.0
2025-02-01,西區,嘉義市,0.0
2025-02-01,豐濱鄉,花蓮縣,0.0
2025-02-01,長治鄉,屏東縣,0.0
2025-02-01,鳳林鎮,花蓮縣,0.0
2025-02-01,鹽水區,臺南市,0.0
2025-02-01,鹿港鎮,彰化縣,0.0
2025-02-01,鹿草鄉,嘉義縣,0.0
2025-02-01,麥寮鄉,雲林縣,0.0
2025-02-02,二林鎮,彰化縣,0.0
2025-02-02,二水鄉,彰化縣,0.0
2025-02-02,佳冬鄉,屏東縣,0.0
2025-02-02,光復鄉,花蓮縣,0.0
2025-02-02,卓溪鄉,花蓮縣,0.0
2025-02-02,南州鄉,屏東縣,0.0
2025-02-02,南投市,南投縣,0.0
2025-02-02,和美鎮,彰化縣,0.0
2025-02-02,員林市,彰化縣,0.0
2025-02-02,埔里鎮,南投縣,0.0
2025-02-02,埔鹽鄉,彰化縣,0.0
2025-02-02,壽豐鄉,花蓮縣,0.0
2025-02-02,大城鄉,彰化縣,0.0
2025-02-02,大村鄉,彰化縣,0.0
2025-02-02,富里鄉,花蓮縣,0.0
2025-02-02,彰化市,彰化縣,0.0
2025-02-02,恆春鎮,屏東縣,0.0
2025-02-02,新城鄉,花蓮縣,0.0
2025-02-02,新港鄉,嘉義縣,0.0
2025-02-02,旗山區,高雄市,0.0
2025-02-02,東港鎮,屏東縣,0.0
2025-02-02,東石鄉,嘉義縣,0.0
2025-02-02,枋寮鄉,屏東縣,0.0
2025-02-02,林邊鄉,屏東縣,0.0
2025-02-02,溪口鄉,嘉義縣,0.0
2025-02-02,溪湖鎮,彰化縣,0.0
2025-02-02,玉里鎮,花蓮縣,0.0
2025-02-02,田中鎮,彰化縣,0.0
2025-02-02,田尾鄉,彰化縣,0.0
2025-02-02,社頭鄉,彰化縣,0.0
2025-02-02,福興鄉,彰化縣,0.0
2025-02-02,秀水鄉,彰化縣,0.0
2025-02-02,線西鄉,彰化縣,0.0
2025-02-02,美濃區,高雄市,0.0
2025-02-02,臺東市,臺東縣,0.0
2025-02-02,花蓮市,花蓮縣,0.0
2025-02-02,芳苑鄉,彰化縣,0.0
2025-02-02,草屯鎮,南投縣,0.0
2025-02-02,萬榮鄉,花蓮縣,0.0
2025-02-02,虎尾鎮,雲林縣,0.0
2025-02-02,豐濱鄉,花蓮縣,0.0
2025-02-02,長治鄉,屏東縣,0.0
2025-02-02,鳳林鎮,花蓮縣,0.0
2025-02-02,鹿港鎮,彰化縣,0.0
2025-02-03,中埔鄉,嘉義縣,0.0
2025-02-03,二林鎮,彰化縣,0.0
2025-02-03,二水鄉,彰化縣,0.0
2025-02-03,佳冬鄉,屏東縣,0.0
2025-02-03,元長鄉,雲林縣,0.0
2025-02-03,光復鄉,花蓮縣,0.0
2025-02-03,六腳鄉,嘉義縣,0.0
2025-02-03,北港鎮,雲林縣,0.0
2025-02-03,北門區,臺南市,0.0
2025-02-03,卓溪鄉,花蓮縣,0.0
2025-02-03,南州鄉,屏東縣,0.0
2025-02-03,南投市,南投縣,0.0
2025-02-03,口湖鄉,雲林縣,0.0
2025-02-03,和美鎮,彰化縣,0.0
2025-02-03,員林市,彰化縣,0.0
2025-02-03,四湖鄉,雲林縣,0.0
2025-02-03,土庫鎮,雲林縣,0.0
2025-02-03,埔里鎮,南投縣,0.0
2025-02-03,埔鹽鄉,彰化縣,0.0
2025-02-03,壽豐鄉,花蓮縣,0.0
2025-02-03,大城鄉,彰化縣,0.0
2025-02-03,大埤鄉,雲林縣,0.0
2025-02-03,大村鄉,彰化縣,0.0
2025-02-03,太保市,嘉義縣,0.0
2025-02-03,富里鄉,花蓮縣,0.0
2025-02-03,布袋鎮,嘉義縣,0.0
2025-02-03,彰化市,彰化縣,0.0
2025-02-03,恆春鎮,屏東縣,0.0
2025-02-03,斗六市,雲林縣,0.0
2025-02-03,斗南鎮,雲林縣,0.0
2025-02-03,新城鄉,花蓮縣,0.0
2025-02-03,新港鄉,嘉義縣,0.0
2025-02-03,新營區,臺南市,0.0
2025-02-03,旗山區,高雄市,0.0
2025-02-03,朴子市,嘉義縣,0.0
2025-02-03,東勢鄉,雲林縣,0.0
2025-02-03,東區,新竹市,0.0
2025-02-03,東港鎮,屏東縣,0.0
2025-02-03,東石鄉,嘉義縣,0.0
2025-02-03,枋寮鄉,屏東縣,0.0
2025-02-03,林邊鄉,屏東縣,0.0
2025-02-03,梅山鄉,嘉義縣,0.0
2025-02-03,民雄鄉,嘉義縣,0.0
2025-02-03,水上鄉,嘉義縣,0.0
2025-02-03,水林鄉,雲林縣,0.0
2025-02-03,溪口鄉,嘉義縣,0.0
2025-02-03,溪湖鎮,彰化縣,0.0
2025-02-03,玉里鎮,花蓮縣,0.0
2025-02-03,田中鎮,彰化縣,0.0
2025-02-03,田尾鄉,彰化縣,0.0
2025-02-03,白河區,臺南市,0.0
2025-02-03,社頭鄉,彰化縣,0.0
2025-02-03,福興鄉,彰化縣,0.0
2025-02-03,秀水鄉,彰化縣,0.0
2025-02-03,竹崎鄉,嘉義縣,0.0
2025-02-03,線西鄉,彰化縣,0.0
2025-02-03,美濃區,高雄市,0.0
2025-02-03,義竹鄉,嘉義縣,0.0
2025-02-03,臺東市,臺東縣,0.0
2025-02-03,臺西鄉,雲林縣,0.0
2025-02-03,花蓮市,花蓮縣,0.0
2025-02-03,芳苑鄉,彰化縣,0.0
2025-02-03,草屯鎮,南投縣,0.0
2025-02-03,萬榮鄉,花蓮縣,0.0
2025-02-03,虎尾鎮,雲林縣,0.0
2025-02-03,褒忠鄉,雲林縣,0.0
2025-02-03,西區,嘉義市,0.0
2025-02-03,豐濱鄉,花蓮縣,0.0
2025-02-03,長治鄉,屏東縣,0.0
2025-02-03,鳳林鎮,花蓮縣,0.0
2025-02-03,鹽水區,臺南市,0.0
2025-02-03,鹿港鎮,彰化縣,0.0
2025-02-03,鹿草鄉,嘉義縣,0.0
2025-02-03,麥寮鄉,雲林縣,0.0
2025-02-04,中埔鄉,嘉義縣,0.0
2025-02-04,二林鎮,彰化縣,0.0
2025-02-04,二水鄉,彰化縣,0.0
2025-02-04,佳冬鄉,屏東縣,0.0
2025-02-04,元長鄉,雲林縣,0.0
2025-02-04,光復鄉,花蓮縣,0.0
2025-02-04,六腳鄉,嘉義縣,0.0
2025-02-04,北港鎮,雲林縣,0.0
2025-02-04,北門區,臺南市,0.0
2025-02-04,卓溪鄉,花蓮縣,0.0
2025-02-04,南州鄉,屏東縣,0.0
2025-02-04,南投市,南投縣,0.0
2025-02-04,口湖鄉,雲林縣,0.0
2025-02-04,和美鎮,彰化縣,0.0
2025-02-04,員林市,彰化縣,0.0
2025-02-04,四湖鄉,雲林縣,0.0
2025-02-04,土庫鎮,雲林縣,0.0
2025-02-04,埔里鎮,南投縣,0.0
2025-02-04,埔鹽鄉,彰化縣,0.0
2025-02-04,壽豐鄉,花蓮縣,0.0
2025-02-04,大城鄉,彰化縣,0.0
2025-02-04,大埤鄉,雲林縣,0.0
2025-02-04,大村鄉,彰化縣,0.0
2025-02-04,太保市,嘉義縣,0.0
2025-02-04,富里鄉,花蓮縣,0.0
2025-02-04,布袋鎮,嘉義縣,0.0
2025-02-04,彰化市,彰化縣,0.0
2025-02-04,恆春鎮,屏東縣,0.0
2025-02-04,斗六市,雲林縣,0.0
2025-02-04,斗南鎮,雲林縣,0.0
2025-02-04,新城鄉,花蓮縣,0.0
2025-02-04,新港鄉,嘉義縣,0.0
2025-02-04,新營區,臺南市,0.0
2025-02-04,旗山區,高雄市,0.0
2025-02-04,朴子市,嘉義縣,0.0
2025-02-04,東勢鄉,雲林縣,0.0
2025-02-04,東區,新竹市,0.0
2025-02-04,東港鎮,屏東縣,0.0
2025-02-04,東石鄉,嘉義縣,0.0
2025-02-04,枋寮鄉,屏東縣,0.0
2025-02-04,林邊鄉,屏東縣,0.0
2025-02-04,梅山鄉,嘉義縣,0.0
2025-02-04,民雄鄉,嘉義縣,0.0
2025-02-04,水上鄉,嘉義縣,0.0
2025-02-04,水林鄉,雲林縣,0.0
2025-02-04,溪口鄉,嘉義縣,0.0
2025-02-04,溪湖鎮,彰化縣,0.0
2025-02-04,玉里鎮,花蓮縣,0.0
2025-02-04,田中鎮,彰化縣,0.0
2025-02-04,田尾鄉,彰化縣,0.0
2025-02-04,白河區,臺南市,0.0
2025-02-04,社頭鄉,彰化縣,0.0
2025-02-04,福興鄉,彰化縣,0.0
2025-02-04,秀水鄉,彰化縣,0.0
2025-02-04,竹崎鄉,嘉義縣,0.0
2025-02-04,線西鄉,彰化縣,0.0
2025-02-04,美濃區,高雄市,0.0
2025-02-04,義竹鄉,嘉義縣,0.0
2025-02-04,臺東市,臺東縣,0.0
2025-02-04,臺西鄉,雲林縣,0.0
2025-02-04,花蓮市,花蓮縣,0.0
2025-02-04,芳苑鄉,彰化縣,0.0
2025-02-04,草屯鎮,南投縣,0.0
2025-02-04,萬榮鄉,花蓮縣,0.0
2025-02-04,虎尾鎮,雲林縣,0.0
2025-02-04,褒忠鄉,雲林縣,0.0
2025-02-04,西區,嘉義市,0.0
2025-02-04,豐濱鄉,花蓮縣,0.0
2025-02-04,長治鄉,屏東縣,0.0
2025-02-04,鳳林鎮,花蓮縣,0.0
2025-02-04,鹽水區,臺南市,0.0
2025-02-04,鹿港鎮,彰化縣,0.0
2025-02-04,鹿草鄉,嘉義縣,0.0
2025-02-04,麥寮鄉,雲林縣,0.0
2025-02-05,中埔鄉,嘉義縣,0.0
2025-02-05,二林鎮,彰化縣,0.0
2025-02-05,二水鄉,彰化縣,0.0
2025-02-05,佳冬鄉,屏東縣,0.0
2025-02-05,元長鄉,雲林縣,0.0
2025-02-05,光復鄉,花蓮縣,0.0
2025-02-05,六腳鄉,嘉義縣,0.0
2025-02-05,北港鎮,雲林縣,0.0
2025-02-05,北門區,臺南市,0.0
2025-02-05,卓溪鄉,花蓮縣,0.0
2025-02-05,南州鄉,屏東縣,0.0
2025-02-05,南投市,南投縣,0.0
2025-02-05,口湖鄉,雲林縣,0.0
2025-02-05,和美鎮,彰化縣,0.0
2025-02-05,員林市,彰化縣,0.0
2025-02-05,四湖鄉,雲林縣,0.0
2025-02-05,土庫鎮,雲林縣,0.0
2025-02-05,埔里鎮,南投縣,0.0
2025-02-05,埔鹽鄉,彰化縣,0.0
2025-02-05,壽豐鄉,花蓮縣,0.0
2025-02-05,大城鄉,彰化縣,0.0
2025-02-05,大埤鄉,雲林縣,0.0
2025-02-05,大村鄉,彰化縣,0.0
2025-02-05,太保市,嘉義縣,0.0
2025-02-05,富里鄉,花蓮縣,0.0
2025-02-05,布袋鎮,嘉義縣,0.0
2025-02-05,彰化市,彰化縣,0.0
2025-02-05,恆春鎮,屏東縣,0.0
2025-02-05,斗六市,雲林縣,0.0
2025-02-05,斗南鎮,雲林縣,0.0
2025-02-05,新城鄉,花蓮縣,0.0
2025-02-05,新港鄉,嘉義縣,0.0
2025-02-05,新營區,臺南市,0.0
2025-02-05,旗山區,高雄市,0.0
2025-02-05,朴子市,嘉義縣,0.0
2025-02-05,東勢鄉,雲林縣,0.0
2025-02-05,東區,新竹市,0.0
2025-02-05,東港鎮,屏東縣,0.0
2025-02-05,東石鄉,嘉義縣,0.0
2025-02-05,枋寮鄉,屏東縣,0.0
2025-02-05,林邊鄉,屏東縣,0.0
2025-02-05,梅山鄉,嘉義縣,0.0
2025-02-05,民雄鄉,嘉義縣,0.0
2025-02-05,水上鄉,嘉義縣,0.0
2025-02-05,水林鄉,雲林縣,0.0
2025-02-05,溪口鄉,嘉義縣,0.0
2025-02-05,溪湖鎮,彰化縣,0.0
2025-02-05,玉里鎮,花蓮縣,0.0
2025-02-05,田中鎮,彰化縣,0.0
2025-02-05,田尾鄉,彰化縣,0.0
2025-02-05,白河區,臺南市,0.0
2025-02-05,社頭鄉,彰化縣,0.0
2025-02-05,福興鄉,彰化縣,0.0
2025-02-05,秀水鄉,彰化縣,0.0
2025-02-05,竹崎鄉,嘉義縣,0.0
2025-02-05,線西鄉,彰化縣,0.0
2025-02-05,美濃區,高雄市,0.0
2025-02-05,義竹鄉,嘉義縣,0.0
2025-02-05,臺東市,臺東縣,0.0
2025-02-05,臺西鄉,雲林縣,0.0
2025-02-05,花蓮市,花蓮縣,0.0
2025-02-05,芳苑鄉,彰化縣,0.0
2025-02-05,草屯鎮,南投縣,0.0
2025-02-05,萬榮鄉,花蓮縣,0.0
2025-02-05,虎尾鎮,雲林縣,0.0
2025-02-05,褒忠鄉,雲林縣,0.0
2025-02-05,西區,嘉義市,0.0
2025-02-05,豐濱鄉,花蓮縣,0.0
2025-02-05,長治鄉,屏東縣,0.0
2025-02-05,鳳林鎮,花蓮縣,0.0
2025-02-05,鹽水區,臺南市,0.0
2025-02-05,鹿港鎮,彰化縣,0.0
2025-02-05,鹿草鄉,嘉義縣,0.0
2025-02-05,麥寮鄉,雲林縣,0.0
2025-02-06,中埔鄉,嘉義縣,0.0
2025-02-06,二林鎮,彰化縣,0.0
2025-02-06,二水鄉,彰化縣,0.0
2025-02-06,佳冬鄉,屏東縣,0.0
2025-02-06,元長鄉,雲林縣,0.0
2025-02-06,光復鄉,花蓮縣,0.0
2025-02-06,六腳鄉,嘉義縣,0.0
2025-02-06,北港鎮,雲林縣,0.0
2025-02-06,北門區,臺南市,0.0
2025-02-06,卓溪鄉,花蓮縣,0.0
2025-02-06,南州鄉,屏東縣,0.0
2025-02-06,南投市,南投縣,0.0
2025-02-06,口湖鄉,雲林縣,0.0
2025-02-06,和美鎮,彰化縣,0.0
2025-02-06,員林市,彰化縣,0.0
2025-02-06,四湖鄉,雲林縣,0.0
2025-02-06,土庫鎮,雲林縣,0.0
2025-02-06,埔里鎮,南投縣,0.0
2025-02-06,埔鹽鄉,彰化縣,0.0
2025-02-06,壽豐鄉,花蓮縣,0.0
2025-02-06,大城鄉,彰化縣,0.0
2025-02-06,大埤鄉,雲林縣,0.0
2025-02-06,大村鄉,彰化縣,0.0
2025-02-06,太保市,嘉義縣,0.0
2025-02-06,富里鄉,花蓮縣,0.0
2025-02-06,布袋鎮,嘉義縣,0.0
2025-02-06,彰化市,彰化縣,0.0
2025-02-06,恆春鎮,屏東縣,0.0
2025-02-06,斗六市,雲林縣,0.0
2025-02-06,斗南鎮,雲林縣,0.0
2025-02-06,新城鄉,花蓮縣,0.0
2025-02-06,新港鄉,嘉義縣,0.0
2025-02-06,新營區,臺南市,0.0
2025-02-06,旗山區,高雄市,0.0
2025-02-06,朴子市,嘉義縣,0.0
2025-02-06,東勢鄉,雲林縣,0.0
2025-02-06,東區,新竹市,0.0
2025-02-06,東港鎮,屏東縣,0.0
2025-02-06,東石鄉,嘉義縣,0.0
2025-02-06,枋寮鄉,屏東縣,0.0
2025-02-06,林邊鄉,屏東縣,0.0
2025-02-06,梅山鄉,嘉義縣,0.0
2025-02-06,民雄鄉,嘉義縣,0.0
2025-02-06,水上鄉,嘉義縣,0.0
2025-02-06,水林鄉,雲林縣,0.0
2025-02-06,溪口鄉,嘉義縣,0.0
2025-02-06,溪湖鎮,彰化縣,0.0
2025-02-06,玉里鎮,花蓮縣,0.0
2025-02-06,田中鎮,彰化縣,0.0
2025-02-06,田尾鄉,彰化縣,0.0
2025-02-06,白河區,臺南市,0.0
2025-02-06,社頭鄉,彰化縣,0.0
2025-02-06,福興鄉,彰化縣,0.0
2025-02-06,秀水鄉,彰化縣,0.0
2025-02-06,竹崎鄉,嘉義縣,0.0
2025-02-06,線西鄉,彰化縣,0.0
2025-02-06,美濃區,高雄市,0.0
2025-02-06,義竹鄉,嘉義縣,0.0
2025-02-06,臺東市,臺東縣,0.0
2025-02-06,臺西鄉,雲林縣,0.0
2025-02-06,花蓮市,花蓮縣,0.0
2025-02-06,芳苑鄉,彰化縣,0.0
2025-02-06,草屯鎮,南投縣,0.0
2025-02-06,萬榮鄉,花蓮縣,0.0
2025-02-06,虎尾鎮,雲林縣,0.0
2025-02-06,褒忠鄉,雲林縣,0.0
2025-02-06,西區,嘉義市,0.0
2025-02-06,豐濱鄉,花蓮縣,0.0
2025-02-06,長治鄉,屏東縣,0.0
2025-02-06,鳳林鎮,花蓮縣,0.0
2025-02-06,鹽水區,臺南市,0.0
2025-02-06,鹿港鎮,彰化縣,0.0
2025-02-06,鹿草鄉,嘉義縣,0.0
2025-02-06,麥寮鄉,雲林縣,0.0
2025-02-07,中埔鄉,嘉義縣,0.0
2025-02-07,二林鎮,彰化縣,0.0
2025-02-07,二水鄉,彰化縣,0.0
2025-02-07,佳冬鄉,屏東縣,0.0
2025-02-07,元長鄉,雲林縣,0.0
2025-02-07,光復鄉,花蓮縣,0.0
2025-02-07,六腳鄉,嘉義縣,0.0
2025-02-07,北港鎮,雲林縣,0.0
2025-02-07,北門區,臺南市,0.0
2025-02-07,卓溪鄉,花蓮縣,0.0
2025-02-07,南州鄉,屏東縣,0.0
2025-02-07,南投市,南投縣,0.0
2025-02-07,口湖鄉,雲林縣,0.0
2025-02-07,和美鎮,彰化縣,0.0
2025-02-07,員林市,彰化縣,0.0
2025-02-07,四湖鄉,雲林縣,0.0
2025-02-07,土庫鎮,雲林縣,0.0
2025-02-07,埔里鎮,南投縣,0.0
2025-02-07,埔鹽鄉,彰化縣,0.0
2025-02-07,壽豐鄉,花蓮縣,0.0
2025-02-07,大城鄉,彰化縣,0.0
2025-02-07,大埤鄉,雲林縣,0.0
2025-02-07,大村鄉,彰化縣,0.0
2025-02-07,太保市,嘉義縣,0.0
2025-02-07,富里鄉,花蓮縣,0.0
2025-02-07,布袋鎮,嘉義縣,0.0
2025-02-07,彰化市,彰化縣,0.0
2025-02-07,恆春鎮,屏東縣,0.0
2025-02-07,斗六市,雲林縣,0.0
2025-02-07,斗南鎮,雲林縣,0.0
2025-02-07,新城鄉,花蓮縣,0.0
2025-02-07,新港鄉,嘉義縣,0.0
2025-02-07,新營區,臺南市,0.0
2025-02-07,旗山區,高雄市,0.0
2025-02-07,朴子市,嘉義縣,0.0
2025-02-07,東勢鄉,雲林縣,0.0
2025-02-07,東區,新竹市,0.0
2025-02-07,東港鎮,屏東縣,0.0
2025-02-07,東石鄉,嘉義縣,0.0
2025-02-07,枋寮鄉,屏東縣,0.0
2025-02-07,林邊鄉,屏東縣,0.0
2025-02-07,梅山鄉,嘉義縣,0.0
2025-02-07,民雄鄉,嘉義縣,0.0
2025-02-07,水上鄉,嘉義縣,0.0
2025-02-07,水林鄉,雲林縣,0.0
2025-02-07,溪口鄉,嘉義縣,0.0
2025-02-07,溪湖鎮,彰化縣,0.0
2025-02-07,玉里鎮,花蓮縣,0.0
2025-02-07,田中鎮,彰化縣,0.0
2025-02-07,田尾鄉,彰化縣,0.0
2025-02-07,白河區,臺南市,0.0
2025-02-07,社頭鄉,彰化縣,0.0
2025-02-07,福興鄉,彰化縣,0.0
2025-02-07,秀水鄉,彰化縣,0.0
2025-02-07,竹崎鄉,嘉義縣,0.0
2025-02-07,線西鄉,彰化縣,0.0
2025-02-07,美濃區,高雄市,0.0
2025-02-07,義竹鄉,嘉義縣,0.0
2025-02-07,臺東市,臺東縣,0.0
2025-02-07,臺西鄉,雲林縣,0.0
2025-02-07,花蓮市,花蓮縣,0.0
2025-02-07,芳苑鄉,彰化縣,0.0
2025-02-07,草屯鎮,南投縣,0.0
2025-02-07,萬榮鄉,花蓮縣,0.0
2025-02-07,虎尾鎮,雲林縣,0.0
2025-02-07,褒忠鄉,雲林縣,0.0
2025-02-07,西區,嘉義市,0.0
2025-02-07,豐濱鄉,花蓮縣,0.0
2025-02-07,長治鄉,屏東縣,0.0
2025-02-07,鳳林鎮,花蓮縣,0.0
2025-02-07,鹽水區,臺南市,0.0
2025-02-07,鹿港鎮,彰化縣,0.0
2025-02-07,鹿草鄉,嘉義縣,0.0
2025-02-07,麥寮鄉,雲林縣,0.0
2025-02-08,中埔鄉,嘉義縣,0.0
2025-02-08,二林鎮,彰化縣,0.0
2025-02-08,二水鄉,彰化縣,0.0
2025-02-08,佳冬鄉,屏東縣,0.0
2025-02-08,元長鄉,雲林縣,0.0
2025-02-08,光復鄉,花蓮縣,0.0
2025-02-08,六腳鄉,嘉義縣,0.0
2025-02-08,北港鎮,雲林縣,0.0
2025-02-08,北門區,臺南市,0.0
2025-02-08,卓溪鄉,花蓮縣,0.0
2025-02-08,南州鄉,屏東縣,0.0
2025-02-08,南投市,南投縣,0.0
2025-02-08,口湖鄉,雲林縣,0.0
2025-02-08,和美鎮,彰化縣,0.0
2025-02-08,員林市,彰化縣,0.0
2025-02-08,四湖鄉,雲林縣,0.0
2025-02-08,土庫鎮,雲林縣,0.0
2025-02-08,埔里鎮,南投縣,0.0
2025-02-08,埔鹽鄉,彰化縣,0.0
2025-02-08,壽豐鄉,花蓮縣,0.0
2025-02-08,大城鄉,彰化縣,0.0
2025-02-08,大埤鄉,雲林縣,0.0
2025-02-08,大村鄉,彰化縣,0.0
2025-02-08,太保市,嘉義縣,0.0
2025-02-08,富里鄉,花蓮縣,0.0
2025-02-08,布袋鎮,嘉義縣,0.0
2025-02-08,彰化市,彰化縣,0.0
2025-02-08,恆春鎮,屏東縣,0.0
2025-02-08,斗六市,雲林縣,0.0
2025-02-08,斗南鎮,雲林縣,0.0
2025-02-08,新城鄉,花蓮縣,0.0
2025-02-08,新港鄉,嘉義縣,0.0
2025-02-08,新營區,臺南市,0.0
2025-02-08,旗山區,高雄市,0.0
2025-02-08,朴子市,嘉義縣,0.0
2025-02-08,東勢鄉,雲林縣,0.0
2025-02-08,東區,新竹市,0.0
2025-02-08,東港鎮,屏東縣,0.0
2025-02-08,東石鄉,嘉義縣,0.0
2025-02-08,枋寮鄉,屏東縣,0.0
2025-02-08,林邊鄉,屏東縣,0.0
2025-02-08,梅山鄉,嘉義縣,0.0
2025-02-08,民雄鄉,嘉義縣,0.0
2025-02-08,水上鄉,嘉義縣,0.0
2025-02-08,水林鄉,雲林縣,0.0
2025-02-08,溪口鄉,嘉義縣,0.0
2025-02-08,溪湖鎮,彰化縣,0.0
2025-02-08,玉里鎮,花蓮縣,0.0
2025-02-08,田中鎮,彰化縣,0.0
2025-02-08,田尾鄉,彰化縣,0.0
2025-02-08,白河區,臺南市,0.0
2025-02-08,社頭鄉,彰化縣,0.0
2025-02-08,福興鄉,彰化縣,0.0
2025-02-08,秀水鄉,彰化縣,0.0
2025-02-08,竹崎鄉,嘉義縣,0.0
2025-02-08,線西鄉,彰化縣,0.0
2025-02-08,美濃區,高雄市,0.0
2025-02-08,義竹鄉,嘉義縣,0.0
2025-02-08,臺東市,臺東縣,0.0
2025-02-08,臺西鄉,雲林縣,0.0
2025-02-08,花蓮市,花蓮縣,0.0
2025-02-08,芳苑鄉,彰化縣,0.0
2025-02-08,草屯鎮,南投縣,0.0
2025-02-08,萬榮鄉,花蓮縣,0.0
2025-02-08,虎尾鎮,雲林縣,0.0
2025-02-08,褒忠鄉,雲林縣,0.0
2025-02-08,西區,嘉義市,0.0
2025-02-08,豐濱鄉,花蓮縣,0.0
2025-02-08,長治鄉,屏東縣,0.0
2025-02-08,鳳林鎮,花蓮縣,0.0
2025-02-08,鹽水區,臺南市,0.0
2025-02-08,鹿港鎮,彰化縣,0.0
2025-02-08,鹿草鄉,嘉義縣,0.0
2025-02-08,麥寮鄉,雲林縣,0.0
2025-02-09,中埔鄉,嘉義縣,0.0
2025-02-09,二林鎮,彰化縣,0.0
2025-02-09,二水鄉,彰化縣,0.0
2025-02-09,佳冬鄉,屏東縣,0.0
2025-02-09,元長鄉,雲林縣,0.0
2025-02-09,光復鄉,花蓮縣,0.0
2025-02-09,六腳鄉,嘉義縣,0.0
2025-02-09,北港鎮,雲林縣,0.0
2025-02-09,北門區,臺南市,0.0
2025-02-09,卓溪鄉,花蓮縣,0.0
2025-02-09,南州鄉,屏東縣,0.0
2025-02-09,南投市,南投縣,0.0
2025-02-09,口湖鄉,雲林縣,0.0
2025-02-09,和美鎮,彰化縣,0.0
2025-02-09,員林市,彰化縣,0.0
2025-02-09,四湖鄉,雲林縣,0.0
2025-02-09,土庫鎮,雲林縣,0.0
2025-02-09,埔里鎮,南投縣,0.0
2025-02-09,埔鹽鄉,彰化縣,0.0
2025-02-09,壽豐鄉,花蓮縣,0.0
2025-02-09,大城鄉,彰化縣,0.0
2025-02-09,大埤鄉,雲林縣,0.0
2025-02-09,大村鄉,彰化縣,0.0
2025-02-09,太保市,嘉義縣,0.0
2025-02-09,富里鄉,花蓮縣,0.0
2025-02-09,布袋鎮,嘉義縣,0.0
2025-02-09,彰化市,彰化縣,0.0
2025-02-09,恆春鎮,屏東縣,0.0
2025-02-09,斗六市,雲林縣,0.0
2025-02-09,斗南鎮,雲林縣,0.0
2025-02-09,新城鄉,花蓮縣,0.0
2025-02-09,新港鄉,嘉義縣,0.0
2025-02-09,新營區,臺南市,0.0
2025-02-09,旗山區,高雄市,0.0
2025-02-09,朴子市,嘉義縣,0.0
2025-02-09,東區,新竹市,0.0
2025-02-09,東港鎮,屏東縣,0.0
2025-02-09,東石鄉,嘉義縣,0.0
2025-02-09,枋寮鄉,屏東縣,0.0
2025-02-09,林邊鄉,屏東縣,0.0
2025-02-09,梅山鄉,嘉義縣,0.0
2025-02-09,民雄鄉,嘉義縣,0.0
2025-02-09,水上鄉,嘉義縣,0.0
2025-02-09,水林鄉,雲林縣,0.0
2025-02-09,溪口鄉,嘉義縣,0.0
2025-02-09,溪湖鎮,彰化縣,0.0
2025-02-09,玉里鎮,花蓮縣,0.0
2025-02-09,田中鎮,彰化縣,0.0
2025-02-09,田尾鄉,彰化縣,0.0
2025-02-09,白河區,臺南市,0.0
2025-02-09,社頭鄉,彰化縣,0.0
2025-02-09,福興鄉,彰化縣,0.0
2025-02-09,秀水鄉,彰化縣,0.0
2025-02-09,線西鄉,彰化縣,0.0
2025-02-09,美濃區,高雄市,0.0
2025-02-09,義竹鄉,嘉義縣,0.0
2025-02-09,臺東市,臺東縣,0.0
2025-02-09,臺西鄉,雲林縣,0.0
2025-02-09,花蓮市,花蓮縣,0.0
2025-02-09,芳苑鄉,彰化縣,0.0
2025-02-09,草屯鎮,南投縣,0.0
2025-02-09,萬榮鄉,花蓮縣,0.0
2025-02-09,虎尾鎮,雲林縣,0.0
2025-02-09,褒忠鄉,雲林縣,0.0
2025-02-09,西區,嘉義市,0.0
2025-02-09,豐濱鄉,花蓮縣,0.0
2025-02-09,長治鄉,屏東縣,0.0
2025-02-09,鳳林鎮,花蓮縣,0.0
2025-02-09,鹽水區,臺南市,0.0
2025-02-09,鹿港鎮,彰化縣,0.0
2025-02-09,鹿草鄉,嘉義縣,0.0
2025-02-09,麥寮鄉,雲林縣,0.0
2025-02-10,中埔鄉,嘉義縣,0.0
2025-02-10,二林鎮,彰化縣,0.0
2025-02-10,二水鄉,彰化縣,0.0
2025-02-10,佳冬鄉,屏東縣,0.0
2025-02-10,元長鄉,雲林縣,0.0
2025-02-10,光復鄉,花蓮縣,0.0
2025-02-10,六腳鄉,嘉義縣,0.0
2025-02-10,北港鎮,雲林縣,0.0
2025-02-10,北門區,臺南市,0.0
2025-02-10,卓溪鄉,花蓮縣,0.0
2025-02-10,南州鄉,屏東縣,0.0
2025-02-10,南投市,南投縣,0.0
2025-02-10,口湖鄉,雲林縣,0.0
2025-02-10,和美鎮,彰化縣,0.0
2025-02-10,員林市,彰化縣,0.0
2025-02-10,四湖鄉,雲林縣,0.0
2025-02-10,土庫鎮,雲林縣,0.0
2025-02-10,埔里鎮,南投縣,0.0
2025-02-10,埔鹽鄉,彰化縣,0.0
2025-02-10,壽豐鄉,花蓮縣,0.0
2025-02-10,大城鄉,彰化縣,0.0
2025-02-10,大埤鄉,雲林縣,0.0
2025-02-10,大村鄉,彰化縣,0.0
2025-02-10,太保市,嘉義縣,0.0
2025-02-10,富里鄉,花蓮縣,0.0
2025-02-10,布袋鎮,嘉義縣,0.0
2025-02-10,彰化市,彰化縣,0.0
2025-02-10,恆春鎮,屏東縣,0.0
2025-02-10,斗六市,雲林縣,0.0
2025-02-10,斗南鎮,雲林縣,0.0
2025-02-10,新城鄉,花蓮縣,0.0
2025-02-10,新港鄉,嘉義縣,0.0
2025-02-10,新營區,臺南市,0.0
2025-02-10,旗山區,高雄市,0.0
2025-02-10,朴子市,嘉義縣,0.0
2025-02-10,東區,新竹市,0.0
2025-02-10,東港鎮,屏東縣,0.0
2025-02-10,東石鄉,嘉義縣,0.0
2025-02-10,枋寮鄉,屏東縣,0.0
2025-02-10,林邊鄉,屏東縣,0.0
2025-02-10,民雄鄉,嘉義縣,0.0
2025-02-10,水上鄉,嘉義縣,0.0
2025-02-10,水林鄉,雲林縣,0.0
2025-02-10,溪口鄉,嘉義縣,0.0
2025-02-10,溪湖鎮,彰化縣,0.0
2025-02-10,玉里鎮,花蓮縣,0.0
2025-02-10,田中鎮,彰化縣,0.0
2025-02-10,田尾鄉,彰化縣,0.0
2025-02-10,白河區,臺南市,0.0
2025-02-10,社頭鄉,彰化縣,0.0
2025-02-10,福興鄉,彰化縣,0.0
2025-02-10,秀水鄉,彰化縣,0.0
2025-02-10,線西鄉,彰化縣,0.0
2025-02-10,美濃區,高雄市,0.0
2025-02-10,義竹鄉,嘉義縣,0.0
2025-02-10,臺東市,臺東縣,0.0
2025-02-10,臺西鄉,雲林縣,0.0
2025-02-10,花蓮市,花蓮縣,0.0
2025-02-10,芳苑鄉,彰化縣,0.0
2025-02-10,草屯鎮,南投縣,0.0
2025-02-10,萬榮鄉,花蓮縣,0.0
2025-02-10,虎尾鎮,雲林縣,0.0
2025-02-10,褒忠鄉,雲林縣,0.0
2025-02-10,豐濱鄉,花蓮縣,0.0
2025-02-10,長治鄉,屏東縣,0.0
2025-02-10,鳳林鎮,花蓮縣,0.0
2025-02-10,鹽水區,臺南市,0.0
2025-02-10,鹿港鎮,彰化縣,0.0
2025-02-10,鹿草鄉,嘉義縣,0.0
2025-02-10,麥寮鄉,雲林縣,0.0
2025-02-11,中埔鄉,嘉義縣,0.0
2025-02-11,二林鎮,彰化縣,0.0
2025-02-11,二水鄉,彰化縣,0.0
2025-02-11,佳冬鄉,屏東縣,0.0
2025-02-11,元長鄉,雲林縣,0.0
2025-02-11,光復鄉,花蓮縣,0.0
2025-02-11,六腳鄉,嘉義縣,0.0
2025-02-11,北港鎮,雲林縣,0.0
2025-02-11,北門區,臺南市,0.0
2025-02-11,卓溪鄉,花蓮縣,0.0
2025-02-11,南州鄉,屏東縣,0.0
2025-02-11,南投市,南投縣,0.0
2025-02-11,口湖鄉,雲林縣,0.0
2025-02-11,和美鎮,彰化縣,0.0
2025-02-11,員林市,彰化縣,0.0
2025-02-11,四湖鄉,雲林縣,0.0
2025-02-11,土庫鎮,雲林縣,0.0
2025-02-11,埔里鎮,南投縣,0.0
2025-02-11,埔鹽鄉,彰化縣,0.0
2025-02-11,壽豐鄉,花蓮縣,0.0
2025-02-11,大城鄉,彰化縣,0.0
2025-02-11,大埤鄉,雲林縣,0.0
2025-02-11,大村鄉,彰化縣,0.0
2025-02-11,太保市,嘉義縣,0.0
2025-02-11,富里鄉,花蓮縣,0.0
2025-02-11,布袋鎮,嘉義縣,0.0
2025-02-11,彰化市,彰化縣,0.0
2025-02-11,恆春鎮,屏東縣,0.0
2025-02-11,斗六市,雲林縣,0.0
2025-02-11,斗南鎮,雲林縣,0.0
2025-02-11,新城鄉,花蓮縣,0.0
2025-02-11,新港鄉,嘉義縣,0.0
2025-02-11,新營區,臺南市,0.0
2025-02-11,旗山區,高雄市,0.0
2025-02-11,朴子市,嘉義縣,0.0
2025-02-11,東區,新竹市,0.0
2025-02-11,東港鎮,屏東縣,0.0
2025-02-11,東石鄉,嘉義縣,0.0
2025-02-11,枋寮鄉,屏東縣,0.0
2025-02-11,林邊鄉,屏東縣,0.0
2025-02-11,民雄鄉,嘉義縣,0.0
2025-02-11,水上鄉,嘉義縣,0.0
2025-02-11,水林鄉,雲林縣,0.0
2025-02-11,溪口鄉,嘉義縣,0.0
2025-02-11,溪湖鎮,彰化縣,0.0
2025-02-11,玉里鎮,花蓮縣,0.0
2025-02-11,田中鎮,彰化縣,0.0
2025-02-11,田尾鄉,彰化縣,0.0
2025-02-11,白河區,臺南市,0.0
2025-02-11,社頭鄉,彰化縣,0.0
2025-02-11,福興鄉,彰化縣,0.0
2025-02-11,秀水鄉,彰化縣,0.0
2025-02-11,線西鄉,彰化縣,0.0
2025-02-11,美濃區,高雄市,0.0
2025-02-11,義竹鄉,嘉義縣,0.0
2025-02-11,臺東市,臺東縣,0.0
2025-02-11,臺西鄉,雲林縣,0.0
2025-02-11,花蓮市,花蓮縣,0.0
2025-02-11,芳苑鄉,彰化縣,0.0
2025-02-11,草屯鎮,南投縣,0.0
2025-02-11,萬榮鄉,花蓮縣,0.0
2025-02-11,虎尾鎮,雲林縣,0.0
2025-02-11,褒忠鄉,雲林縣,0.0
2025-02-11,豐濱鄉,花蓮縣,0.0
2025-02-11,長治鄉,屏東縣,0.0
2025-02-11,鳳林鎮,花蓮縣,0.0
2025-02-11,鹽水區,臺南市,0.0
2025-02-11,鹿港鎮,彰化縣,0.0
2025-02-11,鹿草鄉,嘉義縣,0.0
2025-02-11,麥寮鄉,雲林縣,0.0
2025-02-12,中埔鄉,嘉義縣,0.0
2025-02-12,二林鎮,彰化縣,0.0
2025-02-12,二水鄉,彰化縣,0.0
2025-02-12,佳冬鄉,屏東縣,0.0
2025-02-12,元長鄉,雲林縣,0.0
2025-02-12,光復鄉,花蓮縣,0.0
2025-02-12,六腳鄉,嘉義縣,0.0
2025-02-12,北港鎮,雲林縣,0.0
2025-02-12,北門區,臺南市,0.0
2025-02-12,卓溪鄉,花蓮縣,0.0
2025-02-12,南州鄉,屏東縣,0.0
2025-02-12,南投市,南投縣,0.0
2025-02-12,口湖鄉,雲林縣,0.0
2025-02-12,和美鎮,彰化縣,0.0
2025-02-12,員林市,彰化縣,0.0
2025-02-12,四湖鄉,雲林縣,0.0
2025-02-12,土庫鎮,雲林縣,0.0
2025-02-12,埔里鎮,南投縣,0.0
2025-02-12,埔鹽鄉,彰化縣,0.0
2025-02-12,壽豐鄉,花蓮縣,0.0
2025-02-12,大城鄉,彰化縣,0.0
2025-02-12,大埤鄉,雲林縣,0.0
2025-02-12,大村鄉,彰化縣,0.0
2025-02-12,太保市,嘉義縣,0.0
2025-02-12,富里鄉,花蓮縣,0.0
2025-02-12,布袋鎮,嘉義縣,0.0
2025-02-12,彰化市,彰化縣,0.0
2025-02-12,恆春鎮,屏東縣,0.0
2025-02-12,斗六市,雲林縣,0.0
2025-02-12,斗南鎮,雲林縣,0.0
2025-02-12,新城鄉,花蓮縣,0.0
2025-02-12,新港鄉,嘉義縣,0.0
2025-02-12,新營區,臺南市,0.0
2025-02-12,旗山區,高雄市,0.0
2025-02-12,朴子市,嘉義縣,0.0
2025-02-12,東區,新竹市,0.0
2025-02-12,東港鎮,屏東縣,0.0
2025-02-12,東石鄉,嘉義縣,0.0
2025-02-12,枋寮鄉,屏東縣,0.0
2025-02-12,林邊鄉,屏東縣,0.0
2025-02-12,民雄鄉,嘉義縣,0.0
2025-02-12,水上鄉,嘉義縣,0.0
2025-02-12,水林鄉,雲林縣,0.0
2025-02-12,溪口鄉,嘉義縣,0.0
2025-02-12,溪湖鎮,彰化縣,0.0
2025-02-12,玉里鎮,花蓮縣,0.0
2025-02-12,田中鎮,彰化縣,0.0
2025-02-12,田尾鄉,彰化縣,0.0
2025-02-12,白河區,臺南市,0.0
2025-02-12,社頭鄉,彰化縣,0.0
2025-02-12,福興鄉,彰化縣,0.0
2025-02-12,秀水鄉,彰化縣,0.0
2025-02-12,線西鄉,彰化縣,0.0
2025-02-12,美濃區,高雄市,0.0
2025-02-12,義竹鄉,嘉義縣,0.0
2025-02-12,臺東市,臺東縣,0.0
2025-02-12,臺西鄉,雲林縣,0.0
2025-02-12,花蓮市,花蓮縣,0.0
2025-02-12,芳苑鄉,彰化縣,0.0
2025-02-12,草屯鎮,南投縣,0.0
2025-02-12,萬榮鄉,花蓮縣,0.0
2025-02-12,虎尾鎮,雲林縣,0.0
2025-02-12,褒忠鄉,雲林縣,0.0
2025-02-12,豐濱鄉,花蓮縣,0.0
2025-02-12,長治鄉,屏東縣,0.0
2025-02-12,鳳林鎮,花蓮縣,0.0
2025-02-12,鹽水區,臺南市,0.0
2025-02-12,鹿港鎮,彰化縣,0.0
2025-02-12,鹿草鄉,嘉義縣,0.0
2025-02-12,麥寮鄉,雲林縣,0.0
2025-02-13,中埔鄉,嘉義縣,0.0
2025-02-13,二林鎮,彰化縣,0.0
2025-02-13,二水鄉,彰化縣,0.0
2025-02-13,佳冬鄉,屏東縣,0.0
2025-02-13,元長鄉,雲林縣,0.0
2025-02-13,光復鄉,花蓮縣,0.0
2025-02-13,六腳鄉,嘉義縣,0.0
2025-02-13,北港鎮,雲林縣,0.0
2025-02-13,北門區,臺南市,0.0
2025-02-13,卓溪鄉,花蓮縣,0.0
2025-02-13,南州鄉,屏東縣,0.0
2025-02-13,南投市,南投縣,0.0
2025-02-13,口湖鄉,雲林縣,0.0
2025-02-13,和美鎮,彰化縣,0.0
2025-02-13,員林市,彰化縣,0.0
2025-02-13,四湖鄉,雲林縣,0.0
2025-02-13,土庫鎮,雲林縣,0.0
2025-02-13,埔里鎮,南投縣,0.0
2025-02-13,埔鹽鄉,彰化縣,0.0
2025-02-13,壽豐鄉,花蓮縣,0.0
2025-02-13,大城鄉,彰化縣,0.0
2025-02-13,大埤鄉,雲林縣,0.0
2025-02-13,大村鄉,彰化縣,0.0
2025-02-13,太保市,嘉義縣,0.0
2025-02-13,富里鄉,花蓮縣,0.0
2025-02-13,布袋鎮,嘉義縣,0.0
2025-02-13,彰化市,彰化縣,0.0
2025-02-13,恆春鎮,屏東縣,0.0
2025-02-13,斗六市,雲林縣,0.0
2025-02-13,斗南鎮,雲林縣,0.0
2025-02-13,新城鄉,花蓮縣,0.0
2025-02-13,新港鄉,嘉義縣,0.0
2025-02-13,新營區,臺南市,0.0
2025-02-13,旗山區,高雄市,0.0
2025-02-13,朴子市,嘉義縣,0.0
2025-02-13,東區,新竹市,0.0
2025-02-13,東港鎮,屏東縣,0.0
2025-02-13,東石鄉,嘉義縣,0.0
2025-02-13,枋寮鄉,屏東縣,0.0
2025-02-13,林邊鄉,屏東縣,0.0
2025-02-13,民雄鄉,嘉義縣,0.0
2025-02-13,水上鄉,嘉義縣,0.0
2025-02-13,水林鄉,雲林縣,0.0
2025-02-13,溪口鄉,嘉義縣,0.0
2025-02-13,溪湖鎮,彰化縣,0.0
2025-02-13,玉里鎮,花蓮縣,0.0
2025-02-13,田中鎮,彰化縣,0.0
2025-02-13,田尾鄉,彰化縣,0.0
2025-02-13,白河區,臺南市,0.0
2025-02-13,社頭鄉,彰化縣,0.0
2025-02-13,福興鄉,彰化縣,0.0
2025-02-13,秀水鄉,彰化縣,0.0
2025-02-13,線西鄉,彰化縣,0.0
2025-02-13,美濃區,高雄市,0.0
2025-02-13,義竹鄉,嘉義縣,0.0
2025-02-13,臺東市,臺東縣,0.0
2025-02-13,臺西鄉,雲林縣,0.0
2025-02-13,花蓮市,花蓮縣,0.0
2025-02-13,芳苑鄉,彰化縣,0.0
2025-02-13,草屯鎮,南投縣,0.0
2025-02-13,萬榮鄉,花蓮縣,0.0
2025-02-13,虎尾鎮,雲林縣,0.0
2025-02-13,褒忠鄉,雲林縣,0.0
2025-02-13,豐濱鄉,花蓮縣,0.0
2025-02-13,長治鄉,屏東縣,0.0
2025-02-13,鳳林鎮,花蓮縣,0.0
2025-02-13,鹽水區,臺南市,0.0
2025-02-13,鹿港鎮,彰化縣,0.0
2025-02-13,鹿草鄉,嘉義縣,0.0
2025-02-13,麥寮鄉,雲林縣,0.0
2025-02-14,中埔鄉,嘉義縣,0.0
2025-02-14,二林鎮,彰化縣,0.0
2025-02-14,二水鄉,彰化縣,0.0
2025-02-14,佳冬鄉,屏東縣,0.0
2025-02-14,元長鄉,雲林縣,0.0
2025-02-14,光復鄉,花蓮縣,0.0
2025-02-14,六腳鄉,嘉義縣,0.0
2025-02-14,北港鎮,雲林縣,0.0
2025-02-14,北門區,臺南市,0.0
2025-02-14,卓溪鄉,花蓮縣,0.0
2025-02-14,南州鄉,屏東縣,0.0
2025-02-14,南投市,南投縣,0.0
2025-02-14,口湖鄉,雲林縣,0.0
2025-02-14,和美鎮,彰化縣,0.0
2025-02-14,員林市,彰化縣,0.0
2025-02-14,四湖鄉,雲林縣,0.0
2025-02-14,土庫鎮,雲林縣,0.0
2025-02-14,埔里鎮,南投縣,0.0
2025-02-14,埔鹽鄉,彰化縣,0.0
2025-02-14,壽豐鄉,花蓮縣,0.0
2025-02-14,大城鄉,彰化縣,0.0
2025-02-14,大埤鄉,雲林縣,0.0
2025-02-14,大村鄉,彰化縣,0.0
2025-02-14,太保市,嘉義縣,0.0
2025-02-14,富里鄉,花蓮縣,0.0
2025-02-14,布袋鎮,嘉義縣,0.0
2025-02-14,彰化市,彰化縣,0.0
2025-02-14,恆春鎮,屏東縣,0.0
2025-02-14,斗六市,雲林縣,0.0
2025-02-14,斗南鎮,雲林縣,0.0
2025-02-14,新城鄉,花蓮縣,0.0
2025-02-14,新港鄉,嘉義縣,0.0
2025-02-14,新營區,臺南市,0.0
2025-02-14,旗山區,高雄市,0.0
2025-02-14,朴子市,嘉義縣,0.0
2025-02-14,東區,新竹市,0.0
2025-02-14,東港鎮,屏東縣,0.0
2025-02-14,東石鄉,嘉義縣,0.0
2025-02-14,枋寮鄉,屏東縣,0.0
2025-02-14,林邊鄉,屏東縣,0.0
2025-02-14,民雄鄉,嘉義縣,0.0
2025-02-14,水上鄉,嘉義縣,0.0
2025-02-14,水林鄉,雲林縣,0.0
2025-02-14,溪口鄉,嘉義縣,0.0
2025-02-14,溪湖鎮,彰化縣,0.0
2025-02-14,玉里鎮,花蓮縣,0.0
2025-02-14,田中鎮,彰化縣,0.0
2025-02-14,田尾鄉,彰化縣,0.0
2025-02-14,番路鄉,嘉義縣,0.0
2025-02-14,白河區,臺南市,0.0
2025-02-14,社頭鄉,彰化縣,0.0
2025-02-14,福興鄉,彰化縣,0.0
2025-02-14,秀水鄉,彰化縣,0.0
2025-02-14,線西鄉,彰化縣,0.0
2025-02-14,美濃區,高雄市,0.0
2025-02-14,義竹鄉,嘉義縣,0.0
2025-02-14,臺東市,臺東縣,0.0
2025-02-14,臺西鄉,雲林縣,0.0
2025-02-14,花蓮市,花蓮縣,0.0
2025-02-14,芳苑鄉,彰化縣,0.0
2025-02-14,草屯鎮,南投縣,0.0
2025-02-14,萬榮鄉,花蓮縣,0.0
2025-02-14,虎尾鎮,雲林縣,0.0
2025-02-14,褒忠鄉,雲林縣,0.0
2025-02-14,豐濱鄉,花蓮縣,0.0
2025-02-14,長治鄉,屏東縣,0.0
2025-02-14,鳳林鎮,花蓮縣,0.0
2025-02-14,鹽水區,臺南市,0.0
2025-02-14,鹿港鎮,彰化縣,0.0
2025-02-14,鹿草鄉,嘉義縣,0.0
2025-02-14,麥寮鄉,雲林縣,0.0
2025-02-15,中埔鄉,嘉義縣,0.0
2025-02-15,二林鎮,彰化縣,0.0
2025-02-15,二水鄉,彰化縣,0.0
2025-02-15,佳冬鄉,屏東縣,0.0
2025-02-15,元長鄉,雲林縣,0.0
2025-02-15,光復鄉,花蓮縣,0.0
2025-02-15,六腳鄉,嘉義縣,0.0
2025-02-15,北港鎮,雲林縣,0.0
2025-02-15,北門區,臺南市,0.0
2025-02-15,卓溪鄉,花蓮縣,0.0
2025-02-15,南州鄉,屏東縣,0.0
2025-02-15,南投市,南投縣,0.0
2025-02-15,口湖鄉,雲林縣,0.0
2025-02-15,和美鎮,彰化縣,0.0
2025-02-15,員林市,彰化縣,0.0
2025-02-15,四湖鄉,雲林縣,0.0
2025-02-15,土庫鎮,雲林縣,0.0
2025-02-15,埔里鎮,南投縣,0.0
2025-02-15,埔鹽鄉,彰化縣,0.0
2025-02-15,壽豐鄉,花蓮縣,0.0
2025-02-15,大城鄉,彰化縣,0.0
2025-02-15,大埤鄉,雲林縣,0.0
2025-02-15,大村鄉,彰化縣,0.0
2025-02-15,太保市,嘉義縣,0.0
2025-02-15,富里鄉,花蓮縣,0.0
2025-02-15,布袋鎮,嘉義縣,0.0
2025-02-15,彰化市,彰化縣,0.0
2025-02-15,恆春鎮,屏東縣,0.0
2025-02-15,斗六市,雲林縣,0.0
2025-02-15,斗南鎮,雲林縣,0.0
2025-02-15,新城鄉,花蓮縣,0.0
2025-02-15,新港鄉,嘉義縣,0.0
2025-02-15,新營區,臺南市,0.0
2025-02-15,旗山區,高雄市,0.0
2025-02-15,朴子市,嘉義縣,0.0
2025-02-15,東區,新竹市,0.0
2025-02-15,東港鎮,屏東縣,0.0
2025-02-15,東石鄉,嘉義縣,0.0
2025-02-15,枋寮鄉,屏東縣,0.0
2025-02-15,林邊鄉,屏東縣,0.0
2025-02-15,民雄鄉,嘉義縣,0.0
2025-02-15,水上鄉,嘉義縣,0.0
2025-02-15,水林鄉,雲林縣,0.0
2025-02-15,溪口鄉,嘉義縣,0.0
2025-02-15,溪湖鎮,彰化縣,0.0
2025-02-15,玉里鎮,花蓮縣,0.0
2025-02-15,田中鎮,彰化縣,0.0
2025-02-15,田尾鄉,彰化縣,0.0
2025-02-15,番路鄉,嘉義縣,0.0
2025-02-15,白河區,臺南市,0.0
2025-02-15,社頭鄉,彰化縣,0.0
2025-02-15,福興鄉,彰化縣,0.0
2025-02-15,秀水鄉,彰化縣,0.0
2025-02-15,線西鄉,彰化縣,0.0
2025-02-15,美濃區,高雄市,0.0
2025-02-15,義竹鄉,嘉義縣,0.0
2025-02-15,臺東市,臺東縣,0.0
2025-02-15,臺西鄉,雲林縣,0.0
2025-02-15,花蓮市,花蓮縣,0.0
2025-02-15,芳苑鄉,彰化縣,0.0
2025-02-15,草屯鎮,南投縣,0.0
2025-02-15,萬榮鄉,花蓮縣,0.0
2025-02-15,虎尾鎮,雲林縣,0.0
2025-02-15,褒忠鄉,雲林縣,0.0
2025-02-15,豐濱鄉,花蓮縣,0.0
2025-02-15,長治鄉,屏東縣,0.0
2025-02-15,鳳林鎮,花蓮縣,0.0
2025-02-15,鹽水區,臺南市,0.0
2025-02-15,鹿港鎮,彰化縣,0.0
2025-02-15,鹿草鄉,嘉義縣,0.0
2025-02-15,麥寮鄉,雲林縣,0.0
2025-02-16,中埔鄉,嘉義縣,0.0
2025-02-16,二林鎮,彰化縣,0.0
2025-02-16,二水鄉,彰化縣,0.0
2025-02-16,佳冬鄉,屏東縣,0.0
2025-02-16,元長鄉,雲林縣,0.0
2025-02-16,光復鄉,花蓮縣,0.0
2025-02-16,六腳鄉,嘉義縣,0.0
2025-02-16,北港鎮,雲林縣,0.0
2025-02-16,北門區,臺南市,0.0
2025-02-16,卓溪鄉,花蓮縣,0.0
2025-02-16,南州鄉,屏東縣,0.0
2025-02-16,南投市,南投縣,0.0
2025-02-16,口湖鄉,雲林縣,0.0
2025-02-16,和美鎮,彰化縣,0.0
2025-02-16,員林市,彰化縣,0.0
2025-02-16,四湖鄉,雲林縣,0.0
2025-02-16,土庫鎮,雲林縣,0.0
2025-02-16,埔里鎮,南投縣,0.0
2025-02-16,埔鹽鄉,彰化縣,0.0
2025-02-16,壽豐鄉,花蓮縣,0.0
2025-02-16,大城鄉,彰化縣,0.0
2025-02-16,大埤鄉,雲林縣,0.0
2025-02-16,大村鄉,彰化縣,0.0
2025-02-16,太保市,嘉義縣,0.0
2025-02-16,富里鄉,花蓮縣,0.0
2025-02-16,布袋鎮,嘉義縣,0.0
2025-02-16,彰化市,彰化縣,0.0
2025-02-16,恆春鎮,屏東縣,0.0
2025-02-16,斗六市,雲林縣,0.0
2025-02-16,斗南鎮,雲林縣,0.0
2025-02-16,新城鄉,花蓮縣,0.0
2025-02-16,新港鄉,嘉義縣,0.0
2025-02-16,新營區,臺南市,0.0
2025-02-16,旗山區,高雄市,0.0
2025-02-16,朴子市,嘉義縣,0.0
2025-02-16,東區,新竹市,0.0
2025-02-16,東港鎮,屏東縣,0.0
2025-02-16,東石鄉,嘉義縣,0.0
2025-02-16,枋寮鄉,屏東縣,0.0
2025-02-16,林邊鄉,屏東縣,0.0
2025-02-16,民雄鄉,嘉義縣,0.0
2025-02-16,水上鄉,嘉義縣,0.0
2025-02-16,水林鄉,雲林縣,0.0
2025-02-16,溪口鄉,嘉義縣,0.0
2025-02-16,溪湖鎮,彰化縣,0.0
2025-02-16,玉里鎮,花蓮縣,0.0
2025-02-16,田中鎮,彰化縣,0.0
2025-02-16,田尾鄉,彰化縣,0.0
2025-02-16,番路鄉,嘉義縣,0.0
2025-02-16,白河區,臺南市,0.0
2025-02-16,社頭鄉,彰化縣,0.0
2025-02-16,福興鄉,彰化縣,0.0
2025-02-16,秀水鄉,彰化縣,0.0
2025-02-16,線西鄉,彰化縣,0.0
2025-02-16,美濃區,高雄市,0.0
2025-02-16,義竹鄉,嘉義縣,0.0
2025-02-16,臺東市,臺東縣,0.0
2025-02-16,臺西鄉,雲林縣,0.0
2025-02-16,花蓮市,花蓮縣,0.0
2025-02-16,芳苑鄉,彰化縣,0.0
2025-02-16,草屯鎮,南投縣,0.0
2025-02-16,萬榮鄉,花蓮縣,0.0
2025-02-16,虎尾鎮,雲林縣,0.0
2025-02-16,褒忠鄉,雲林縣,0.0
2025-02-16,豐濱鄉,花蓮縣,0.0
2025-02-16,長治鄉,屏東縣,0.0
2025-02-16,鳳林鎮,花蓮縣,0.0
2025-02-16,鹽水區,臺南市,0.0
2025-02-16,鹿港鎮,彰化縣,0.0
2025-02-16,鹿草鄉,嘉義縣,0.0
2025-02-16,麥寮鄉,雲林縣,0.0
2025-02-17,中埔鄉,嘉義縣,0.0
2025-02-17,二林鎮,彰化縣,0.0
2025-02-17,二水鄉,彰化縣,0.0
2025-02-17,佳冬鄉,屏東縣,0.0
2025-02-17,元長鄉,雲林縣,0.0
2025-02-17,光復鄉,花蓮縣,0.0
2025-02-17,六腳鄉,嘉義縣,0.0
2025-02-17,北港鎮,雲林縣,0.0
2025-02-17,北門區,臺南市,0.0
2025-02-17,卓溪鄉,花蓮縣,0.0
2025-02-17,南州鄉,屏東縣,0.0
2025-02-17,南投市,南投縣,0.0
2025-02-17,口湖鄉,雲林縣,0.0
2025-02-17,和美鎮,彰化縣,0.0
2025-02-17,員林市,彰化縣,0.0
2025-02-17,四湖鄉,雲林縣,0.0
2025-02-17,土庫鎮,雲林縣,0.0
2025-02-17,埔里鎮,南投縣,0.0
2025-02-17,埔鹽鄉,彰化縣,0.0
2025-02-17,壽豐鄉,花蓮縣,0.0
2025-02-17,大城鄉,彰化縣,0.0
2025-02-17,大埤鄉,雲林縣,0.0
2025-02-17,大村鄉,彰化縣,0.0
2025-02-17,太保市,嘉義縣,0.0
2025-02-17,富里鄉,花蓮縣,0.0
2025-02-17,布袋鎮,嘉義縣,0.0
2025-02-17,彰化市,彰化縣,0.0
2025-02-17,恆春鎮,屏東縣,0.0
2025-02-17,斗六市,雲林縣,0.0
2025-02-17,斗南鎮,雲林縣,0.0
2025-02-17,新城鄉,花蓮縣,0.0
2025-02-17,新港鄉,嘉義縣,0.0
2025-02-17,新營區,臺南市,0.0
2025-02-17,旗山區,高雄市,0.0
2025-02-17,朴子市,嘉義縣,0.0
2025-02-17,東區,新竹市,0.0
2025-02-17,東港鎮,屏東縣,0.0
2025-02-17,東石鄉,嘉義縣,0.0
2025-02-17,枋寮鄉,屏東縣,0.0
2025-02-17,林邊鄉,屏東縣,0.0
2025-02-17,民雄鄉,嘉義縣,0.0
2025-02-17,水上鄉,嘉義縣,0.0
2025-02-17,水林鄉,雲林縣,0.0
2025-02-17,溪口鄉,嘉義縣,0.0
2025-02-17,溪湖鎮,彰化縣,0.0
2025-02-17,玉里鎮,花蓮縣,0.0
2025-02-17,田中鎮,彰化縣,0.0
2025-02-17,田尾鄉,彰化縣,0.0
2025-02-17,番路鄉,嘉義縣,0.0
2025-02-17,白河區,臺南市,0.0
2025-02-17,社頭鄉,彰化縣,0.0
2025-02-17,福興鄉,彰化縣,0.0
2025-02-17,秀水鄉,彰化縣,0.0
2025-02-17,線西鄉,彰化縣,0.0
2025-02-17,美濃區,高雄市,0.0
2025-02-17,義竹鄉,嘉義縣,0.0
2025-02-17,臺東市,臺東縣,0.0
2025-02-17,臺西鄉,雲林縣,0.0
2025-02-17,花蓮市,花蓮縣,0.0
2025-02-17,芳苑鄉,彰化縣,0.0
2025-02-17,草屯鎮,南投縣,0.0
2025-02-17,萬榮鄉,花蓮縣,0.0
2025-02-17,虎尾鎮,雲林縣,0.0
2025-02-17,褒忠鄉,雲林縣,0.0
2025-02-17,豐濱鄉,花蓮縣,0.0
2025-02-17,長治鄉,屏東縣,0.0
2025-02-17,鳳林鎮,花蓮縣,0.0
2025-02-17,鹽水區,臺南市,0.0
2025-02-17,鹿港鎮,彰化縣,0.0
2025-02-17,鹿草鄉,嘉義縣,0.0
2025-02-17,麥寮鄉,雲林縣,0.0
2025-02-18,中埔鄉,嘉義縣,0.0
2025-02-18,二林鎮,彰化縣,0.0
2025-02-18,二水鄉,彰化縣,0.0
2025-02-18,佳冬鄉,屏東縣,0.0
2025-02-18,元長鄉,雲林縣,0.0
2025-02-18,光復鄉,花蓮縣,0.0
2025-02-18,六腳鄉,嘉義縣,0.0
2025-02-18,北港鎮,雲林縣,0.0
2025-02-18,北門區,臺南市,0.0
2025-02-18,卓溪鄉,花蓮縣,0.0
2025-02-18,南州鄉,屏東縣,0.0
2025-02-18,南投市,南投縣,0.0
2025-02-18,口湖鄉,雲林縣,0.0
2025-02-18,和美鎮,彰化縣,0.0
2025-02-18,員林市,彰化縣,0.0
2025-02-18,四湖鄉,雲林縣,0.0
2025-02-18,土庫鎮,雲林縣,0.0
2025-02-18,埔里鎮,南投縣,0.0
2025-02-18,埔鹽鄉,彰化縣,0.0
2025-02-18,壽豐鄉,花蓮縣,0.0
2025-02-18,大城鄉,彰化縣,0.0
2025-02-18,大埤鄉,雲林縣,0.0
2025-02-18,大村鄉,彰化縣,0.0
2025-02-18,太保市,嘉義縣,0.0
2025-02-18,富里鄉,花蓮縣,0.0
2025-02-18,布袋鎮,嘉義縣,0.0
2025-02-18,彰化市,彰化縣,0.0
2025-02-18,恆春鎮,屏東縣,0.0
2025-02-18,斗六市,雲林縣,0.0
2025-02-18,斗南鎮,雲林縣,0.0
2025-02-18,新城鄉,花蓮縣,0.0
2025-02-18,新港鄉,嘉義縣,0.0
2025-02-18,新營區,臺南市,0.0
2025-02-18,旗山區,高雄市,0.0
2025-02-18,朴子市,嘉義縣,0.0
2025-02-18,東區,新竹市,0.0
2025-02-18,東港鎮,屏東縣,0.0
2025-02-18,東石鄉,嘉義縣,0.0
2025-02-18,枋寮鄉,屏東縣,0.0
2025-02-18,林邊鄉,屏東縣,0.0
2025-02-18,民雄鄉,嘉義縣,0.0
2025-02-18,水上鄉,嘉義縣,0.0
2025-02-18,水林鄉,雲林縣,0.0
2025-02-18,溪口鄉,嘉義縣,0.0
2025-02-18,溪湖鎮,彰化縣,0.0
2025-02-18,玉里鎮,花蓮縣,0.0
2025-02-18,田中鎮,彰化縣,0.0
2025-02-18,田尾鄉,彰化縣,0.0
2025-02-18,番路鄉,嘉義縣,0.0
2025-02-18,白河區,臺南市,0.0
2025-02-18,社頭鄉,彰化縣,0.0
2025-02-18,福興鄉,彰化縣,0.0
2025-02-18,秀水鄉,彰化縣,0.0
2025-02-18,線西鄉,彰化縣,0.0
2025-02-18,美濃區,高雄市,0.0
2025-02-18,義竹鄉,嘉義縣,0.0
2025-02-18,臺東市,臺東縣,0.0
2025-02-18,臺西鄉,雲林縣,0.0
2025-02-18,花蓮市,花蓮縣,0.0
2025-02-18,芳苑鄉,彰化縣,0.0
2025-02-18,草屯鎮,南投縣,0.0
2025-02-18,萬榮鄉,花蓮縣,0.0
2025-02-18,虎尾鎮,雲林縣,0.0
2025-02-18,褒忠鄉,雲林縣,0.0
2025-02-18,豐濱鄉,花蓮縣,0.0
2025-02-18,長治鄉,屏東縣,0.0
2025-02-18,鳳林鎮,花蓮縣,0.0
2025-02-18,鹽水區,臺南市,0.0
2025-02-18,鹿港鎮,彰化縣,0.0
2025-02-18,鹿草鄉,嘉義縣,0.0
2025-02-18,麥寮鄉,雲林縣,0.0
2025-02-19,中埔鄉,嘉義縣,0.0
2025-02-19,二林鎮,彰化縣,0.0
2025-02-19,二水鄉,彰化縣,0.0
2025-02-19,佳冬鄉,屏東縣,0.0
2025-02-19,元長鄉,雲林縣,0.0
2025-02-19,光復鄉,花蓮縣,0.0
2025-02-19,六腳鄉,嘉義縣,0.0
2025-02-19,北港鎮,雲林縣,0.0
2025-02-19,北門區,臺南市,0.0
2025-02-19,卓溪鄉,花蓮縣,0.0
2025-02-19,南州鄉,屏東縣,0.0
2025-02-19,南投市,南投縣,0.0
2025-02-19,口湖鄉,雲林縣,0.0
2025-02-19,和美鎮,彰化縣,0.0
2025-02-19,員林市,彰化縣,0.0
2025-02-19,四湖鄉,雲林縣,0.0
2025-02-19,土庫鎮,雲林縣,0.0
2025-02-19,埔里鎮,南投縣,0.0
2025-02-19,埔鹽鄉,彰化縣,0.0
2025-02-19,壽豐鄉,花蓮縣,0.0
2025-02-19,大城鄉,彰化縣,0.0
2025-02-19,大埤鄉,雲林縣,0.0
2025-02-19,大村鄉,彰化縣,0.0
2025-02-19,太保市,嘉義縣,0.0
2025-02-19,富里鄉,花蓮縣,0.0
2025-02-19,布袋鎮,嘉義縣,0.0
2025-02-19,彰化市,彰化縣,0.0
2025-02-19,恆春鎮,屏東縣,0.0
2025-02-19,斗六市,雲林縣,0.0
2025-02-19,斗南鎮,雲林縣,0.0
2025-02-19,新城鄉,花蓮縣,0.0
2025-02-19,新港鄉,嘉義縣,0.0
2025-02-19,新營區,臺南市,0.0
2025-02-19,旗山區,高雄市,0.0
2025-02-19,朴子市,嘉義縣,0.0
2025-02-19,東區,新竹市,0.0
2025-02-19,東港鎮,屏東縣,0.0
2025-02-19,東石鄉,嘉義縣,0.0
2025-02-19,枋寮鄉,屏東縣,0.0
2025-02-19,林邊鄉,屏東縣,0.0
2025-02-19,民雄鄉,嘉義縣,0.0
2025-02-19,水上鄉,嘉義縣,0.0
2025-02-19,水林鄉,雲林縣,0.0
2025-02-19,溪口鄉,嘉義縣,0.0
2025-02-19,溪湖鎮,彰化縣,0.0
2025-02-19,玉里鎮,花蓮縣,0.0
2025-02-19,田中鎮,彰化縣,0.0
2025-02-19,田尾鄉,彰化縣,0.0
2025-02-19,白河區,臺南市,0.0
2025-02-19,社頭鄉,彰化縣,0.0
2025-02-19,福興鄉,彰化縣,0.0
2025-02-19,秀水鄉,彰化縣,0.0
2025-02-19,線西鄉,彰化縣,0.0
2025-02-19,美濃區,高雄市,0.0
2025-02-19,義竹鄉,嘉義縣,0.0
2025-02-19,臺東市,臺東縣,0.0
2025-02-19,臺西鄉,雲林縣,0.0
2025-02-19,花蓮市,花蓮縣,0.0
2025-02-19,芳苑鄉,彰化縣,0.0
2025-02-19,草屯鎮,南投縣,0.0
2025-02-19,萬榮鄉,花蓮縣,0.0
2025-02-19,虎尾鎮,雲林縣,0.0
2025-02-19,褒忠鄉,雲林縣,0.0
2025-02-19,豐濱鄉,花蓮縣,0.0
2025-02-19,長治鄉,屏東縣,0.0
2025-02-19,鳳林鎮,花蓮縣,0.0
2025-02-19,鹽水區,臺南市,0.0
2025-02-19,鹿港鎮,彰化縣,0.0
2025-02-19,鹿草鄉,嘉義縣,0.0
2025-02-19,麥寮鄉,雲林縣,0.0
2025-02-20,中埔鄉,嘉義縣,0.0
2025-02-20,二林鎮,彰化縣,0.0
2025-02-20,二水鄉,彰化縣,0.0
2025-02-20,佳冬鄉,屏東縣,0.0
2025-02-20,元長鄉,雲林縣,0.0
2025-02-20,光復鄉,花蓮縣,0.0
2025-02-20,六腳鄉,嘉義縣,0.0
2025-02-20,北港鎮,雲林縣,0.0
2025-02-20,北門區,臺南市,0.0
2025-02-20,卓溪鄉,花蓮縣,0.0
2025-02-20,南州鄉,屏東縣,0.0
2025-02-20,南投市,南投縣,0.0
2025-02-20,口湖鄉,雲林縣,0.0
2025-02-20,和美鎮,彰化縣,0.0
2025-02-20,員林市,彰化縣,0.0
2025-02-20,四湖鄉,雲林縣,0.0
2025-02-20,土庫鎮,雲林縣,0.0
2025-02-20,埔里鎮,南投縣,0.0
2025-02-20,埔鹽鄉,彰化縣,0.0
2025-02-20,壽豐鄉,花蓮縣,0.0
2025-02-20,大城鄉,彰化縣,0.0
2025-02-20,大埤鄉,雲林縣,0.0
2025-02-20,大村鄉,彰化縣,0.0
2025-02-20,太保市,嘉義縣,0.0
2025-02-20,富里鄉,花蓮縣,0.0
2025-02-20,布袋鎮,嘉義縣,0.0
2025-02-20,彰化市,彰化縣,0.0
2025-02-20,恆春鎮,屏東縣,0.0
2025-02-20,斗六市,雲林縣,0.0
2025-02-20,斗南鎮,雲林縣,0.0
2025-02-20,新城鄉,花蓮縣,0.0
2025-02-20,新港鄉,嘉義縣,0.0
2025-02-20,新營區,臺南市,0.0
2025-02-20,旗山區,高雄市,0.0
2025-02-20,朴子市,嘉義縣,0.0
2025-02-20,東區,新竹市,0.0
2025-02-20,東港鎮,屏東縣,0.0
2025-02-20,東石鄉,嘉義縣,0.0
2025-02-20,枋寮鄉,屏東縣,0.0
2025-02-20,林邊鄉,屏東縣,0.0
2025-02-20,民雄鄉,嘉義縣,0.0
2025-02-20,水上鄉,嘉義縣,0.0
2025-02-20,水林鄉,雲林縣,0.0
2025-02-20,溪口鄉,嘉義縣,0.0
2025-02-20,溪湖鎮,彰化縣,0.0
2025-02-20,玉里鎮,花蓮縣,0.0
2025-02-20,田中鎮,彰化縣,0.0
2025-02-20,田尾鄉,彰化縣,0.0
2025-02-20,白河區,臺南市,0.0
2025-02-20,社頭鄉,彰化縣,0.0
2025-02-20,福興鄉,彰化縣,0.0
2025-02-20,秀水鄉,彰化縣,0.0
2025-02-20,線西鄉,彰化縣,0.0
2025-02-20,美濃區,高雄市,0.0
2025-02-20,義竹鄉,嘉義縣,0.0
2025-02-20,臺東市,臺東縣,0.0
2025-02-20,臺西鄉,雲林縣,0.0
2025-02-20,花蓮市,花蓮縣,0.0
2025-02-20,芳苑鄉,彰化縣,0.0
2025-02-20,草屯鎮,南投縣,0.0
2025-02-20,萬榮鄉,花蓮縣,0.0
2025-02-20,虎尾鎮,雲林縣,0.0
2025-02-20,褒忠鄉,雲林縣,0.0
2025-02-20,豐濱鄉,花蓮縣,0.0
2025-02-20,長治鄉,屏東縣,0.0
2025-02-20,鳳林鎮,花蓮縣,0.0
2025-02-20,鹽水區,臺南市,0.0
2025-02-20,鹿港鎮,彰化縣,0.0
2025-02-20,鹿草鄉,嘉義縣,0.0
2025-02-20,麥寮鄉,雲林縣,0.0
2025-02-21,中埔鄉,嘉義縣,0.0
2025-02-21,二林鎮,彰化縣,0.0
2025-02-21,二水鄉,彰化縣,0.0
2025-02-21,佳冬鄉,屏東縣,0.0
2025-02-21,元長鄉,雲林縣,0.0
2025-02-21,光復鄉,花蓮縣,0.0
2025-02-21,六腳鄉,嘉義縣,0.0
2025-02-21,北港鎮,雲林縣,0.0
2025-02-21,北門區,臺南市,0.0
2025-02-21,卓溪鄉,花蓮縣,0.0
2025-02-21,南州鄉,屏東縣,0.0
2025-02-21,南投市,南投縣,0.0
2025-02-21,口湖鄉,雲林縣,0.0
2025-02-21,和美鎮,彰化縣,0.0
2025-02-21,員林市,彰化縣,0.0
2025-02-21,四湖鄉,雲林縣,0.0
2025-02-21,土庫鎮,雲林縣,0.0
2025-02-21,埔里鎮,南投縣,0.0
2025-02-21,埔鹽鄉,彰化縣,0.0
2025-02-21,壽豐鄉,花蓮縣,0.0
2025-02-21,大城鄉,彰化縣,0.0
2025-02-21,大埤鄉,雲林縣,0.0
2025-02-21,大村鄉,彰化縣,0.0
2025-02-21,太保市,嘉義縣,0.0
2025-02-21,富里鄉,花蓮縣,0.0
2025-02-21,布袋鎮,嘉義縣,0.0
2025-02-21,彰化市,彰化縣,0.0
2025-02-21,恆春鎮,屏東縣,0.0
2025-02-21,斗六市,雲林縣,0.0
2025-02-21,斗南鎮,雲林縣,0.0
2025-02-21,新城鄉,花蓮縣,0.0
2025-02-21,新港鄉,嘉義縣,0.0
2025-02-21,新營區,臺南市,0.0
2025-02-21,旗山區,高雄市,0.0
2025-02-21,朴子市,嘉義縣,0.0
2025-02-21,東區,新竹市,0.0
2025-02-21,東港鎮,屏東縣,0.0
2025-02-21,東石鄉,嘉義縣,0.0
2025-02-21,枋寮鄉,屏東縣,0.0
2025-02-21,林邊鄉,屏東縣,0.0
2025-02-21,梅山鄉,嘉義縣,0.0
2025-02-21,民雄鄉,嘉義縣,0.0
2025-02-21,水上鄉,嘉義縣,0.0
2025-02-21,水林鄉,雲林縣,0.0
2025-02-21,溪口鄉,嘉義縣,0.0
2025-02-21,溪湖鎮,彰化縣,0.0
2025-02-21,玉里鎮,花蓮縣,0.0
2025-02-21,田中鎮,彰化縣,0.0
2025-02-21,田尾鄉,彰化縣,0.0
2025-02-21,白河區,臺南市,0.0
2025-02-21,社頭鄉,彰化縣,0.0
2025-02-21,福興鄉,彰化縣,0.0
2025-02-21,秀水鄉,彰化縣,0.0
2025-02-21,線西鄉,彰化縣,0.0
2025-02-21,美濃區,高雄市,0.0
2025-02-21,義竹鄉,嘉義縣,0.0
2025-02-21,臺東市,臺東縣,0.0
2025-02-21,臺西鄉,雲林縣,0.0
2025-02-21,花蓮市,花蓮縣,0.0
2025-02-21,芳苑鄉,彰化縣,0.0
2025-02-21,草屯鎮,南投縣,0.0
2025-02-21,萬榮鄉,花蓮縣,0.0
2025-02-21,虎尾鎮,雲林縣,0.0
2025-02-21,褒忠鄉,雲林縣,0.0
2025-02-21,西區,嘉義市,0.0
2025-02-21,豐濱鄉,花蓮縣,0.0
2025-02-21,長治鄉,屏東縣,0.0
2025-02-21,鳳林鎮,花蓮縣,0.0
2025-02-21,鹽水區,臺南市,0.0
2025-02-21,鹿港鎮,彰化縣,0.0
2025-02-21,鹿草鄉,嘉義縣,0.0
2025-02-21,麥寮鄉,雲林縣,0.0
2025-02-22,中埔鄉,嘉義縣,0.0
2025-02-22,二林鎮,彰化縣,0.0
2025-02-22,二水鄉,彰化縣,0.0
2025-02-22,佳冬鄉,屏東縣,0.0
2025-02-22,元長鄉,雲林縣,0.0
2025-02-22,光復鄉,花蓮縣,0.0
2025-02-22,六腳鄉,嘉義縣,0.0
2025-02-22,北港鎮,雲林縣,0.0
2025-02-22,北門區,臺南市,0.0
2025-02-22,卓溪鄉,花蓮縣,0.0
2025-02-22,南州鄉,屏東縣,0.0
2025-02-22,南投市,南投縣,0.0
2025-02-22,口湖鄉,雲林縣,0.0
2025-02-22,和美鎮,彰化縣,0.0
2025-02-22,員林市,彰化縣,0.0
2025-02-22,四湖鄉,雲林縣,0.0
2025-02-22,土庫鎮,雲林縣,0.0
2025-02-22,埔里鎮,南投縣,0.0
2025-02-22,埔鹽鄉,彰化縣,0.0
2025-02-22,壽豐鄉,花蓮縣,0.0
2025-02-22,大城鄉,彰化縣,0.0
2025-02-22,大埤鄉,雲林縣,0.0
2025-02-22,大村鄉,彰化縣,0.0
2025-02-22,太保市,嘉義縣,0.0
2025-02-22,富里鄉,花蓮縣,0.0
2025-02-22,布袋鎮,嘉義縣,0.0
2025-02-22,彰化市,彰化縣,0.0
2025-02-22,恆春鎮,屏東縣,0.0
2025-02-22,斗六市,雲林縣,0.0
2025-02-22,斗南鎮,雲林縣,0.0
2025-02-22,新城鄉,花蓮縣,0.0
2025-02-22,新港鄉,嘉義縣,0.0
2025-02-22,新營區,臺南市,0.0
2025-02-22,旗山區,高雄市,0.0
2025-02-22,朴子市,嘉義縣,0.0
2025-02-22,東區,新竹市,0.0
2025-02-22,東港鎮,屏東縣,0.0
2025-02-22,東石鄉,嘉義縣,0.0
2025-02-22,枋寮鄉,屏東縣,0.0
2025-02-22,林邊鄉,屏東縣,0.0
2025-02-22,梅山鄉,嘉義縣,0.0
2025-02-22,民雄鄉,嘉義縣,0.0
2025-02-22,水上鄉,嘉義縣,0.0
2025-02-22,水林鄉,雲林縣,0.0
2025-02-22,溪口鄉,嘉義縣,0.0
2025-02-22,溪湖鎮,彰化縣,0.0
2025-02-22,玉里鎮,花蓮縣,0.0
2025-02-22,田中鎮,彰化縣,0.0
2025-02-22,田尾鄉,彰化縣,0.0
2025-02-22,白河區,臺南市,0.0
2025-02-22,社頭鄉,彰化縣,0.0
2025-02-22,福興鄉,彰化縣,0.0
2025-02-22,秀水鄉,彰化縣,0.0
2025-02-22,線西鄉,彰化縣,0.0
2025-02-22,美濃區,高雄市,0.0
2025-02-22,義竹鄉,嘉義縣,0.0
2025-02-22,臺東市,臺東縣,0.0
2025-02-22,臺西鄉,雲林縣,0.0
2025-02-22,花蓮市,花蓮縣,0.0
2025-02-22,芳苑鄉,彰化縣,0.0
2025-02-22,草屯鎮,南投縣,0.0
2025-02-22,萬榮鄉,花蓮縣,0.0
2025-02-22,虎尾鎮,雲林縣,0.0
2025-02-22,褒忠鄉,雲林縣,0.0
2025-02-22,西區,嘉義市,0.0
2025-02-22,豐濱鄉,花蓮縣,0.0
2025-02-22,長治鄉,屏東縣,0.0
2025-02-22,鳳林鎮,花蓮縣,0.0
2025-02-22,鹽水區,臺南市,0.0
2025-02-22,鹿港鎮,彰化縣,0.0
2025-02-22,鹿草鄉,嘉義縣,0.0
2025-02-22,麥寮鄉,雲林縣,0.0
2025-02-23,中埔鄉,嘉義縣,0.0
2025-02-23,二林鎮,彰化縣,0.0
2025-02-23,二水鄉,彰化縣,0.0
2025-02-23,佳冬鄉,屏東縣,0.0
2025-02-23,元長鄉,雲林縣,0.0
2025-02-23,光復鄉,花蓮縣,0.0
2025-02-23,六腳鄉,嘉義縣,0.0
2025-02-23,北港鎮,雲林縣,0.0
2025-02-23,北門區,臺南市,0.0
2025-02-23,卓溪鄉,花蓮縣,0.0
2025-02-23,南州鄉,屏東縣,0.0
2025-02-23,南投市,南投縣,0.0
2025-02-23,口湖鄉,雲林縣,0.0
2025-02-23,和美鎮,彰化縣,0.0
2025-02-23,員林市,彰化縣,0.0
2025-02-23,四湖鄉,雲林縣,0.0
2025-02-23,土庫鎮,雲林縣,0.0
2025-02-23,埔里鎮,南投縣,0.0
2025-02-23,埔鹽鄉,彰化縣,0.0
2025-02-23,壽豐鄉,花蓮縣,0.0
2025-02-23,大城鄉,彰化縣,0.0
2025-02-23,大埤鄉,雲林縣,0.0
2025-02-23,大村鄉,彰化縣,0.0
2025-02-23,太保市,嘉義縣,0.0
2025-02-23,富里鄉,花蓮縣,0.0
2025-02-23,布袋鎮,嘉義縣,0.0
2025-02-23,彰化市,彰化縣,0.0
2025-02-23,恆春鎮,屏東縣,0.0
2025-02-23,斗六市,雲林縣,0.0
2025-02-23,斗南鎮,雲林縣,0.0
2025-02-23,新城鄉,花蓮縣,0.0
2025-02-23,新港鄉,嘉義縣,0.0
2025-02-23,新營區,臺南市,0.0
2025-02-23,旗山區,高雄市,0.0
2025-02-23,朴子市,嘉義縣,0.0
2025-02-23,東區,新竹市,0.0
2025-02-23,東港鎮,屏東縣,0.0
2025-02-23,東石鄉,嘉義縣,0.0
2025-02-23,枋寮鄉,屏東縣,0.0
2025-02-23,林邊鄉,屏東縣,0.0
2025-02-23,梅山鄉,嘉義縣,0.0
2025-02-23,民雄鄉,嘉義縣,0.0
2025-02-23,水上鄉,嘉義縣,0.0
2025-02-23,水林鄉,雲林縣,0.0
2025-02-23,溪口鄉,嘉義縣,0.0
2025-02-23,溪湖鎮,彰化縣,0.0
2025-02-23,玉里鎮,花蓮縣,0.0
2025-02-23,田中鎮,彰化縣,0.0
2025-02-23,田尾鄉,彰化縣,0.0
2025-02-23,白河區,臺南市,0.0
2025-02-23,社頭鄉,彰化縣,0.0
2025-02-23,福興鄉,彰化縣,0.0
2025-02-23,秀水鄉,彰化縣,0.0
2025-02-23,線西鄉,彰化縣,0.0
2025-02-23,美濃區,高雄市,0.0
2025-02-23,義竹鄉,嘉義縣,0.0
2025-02-23,臺東市,臺東縣,0.0
2025-02-23,臺西鄉,雲林縣,0.0
2025-02-23,花蓮市,花蓮縣,0.0
2025-02-23,芳苑鄉,彰化縣,0.0
2025-02-23,草屯鎮,南投縣,0.0
2025-02-23,萬榮鄉,花蓮縣,0.0
2025-02-23,虎尾鎮,雲林縣,0.0
2025-02-23,褒忠鄉,雲林縣,0.0
2025-02-23,西區,嘉義市,0.0
2025-02-23,豐濱鄉,花蓮縣,0.0
2025-02-23,長治鄉,屏東縣,0.0
2025-02-23,鳳林鎮,花蓮縣,0.0
2025-02-23,鹽水區,臺南市,0.0
2025-02-23,鹿港鎮,彰化縣,0.0
2025-02-23,鹿草鄉,嘉義縣,0.0
2025-02-23,麥寮鄉,雲林縣,0.0
2025-02-24,中埔鄉,嘉義縣,0.0
2025-02-24,二林鎮,彰化縣,0.0
2025-02-24,二水鄉,彰化縣,0.0
2025-02-24,佳冬鄉,屏東縣,0.0
2025-02-24,元長鄉,雲林縣,0.0
2025-02-24,光復鄉,花蓮縣,0.0
2025-02-24,六腳鄉,嘉義縣,0.0
2025-02-24,北港鎮,雲林縣,0.0
2025-02-24,北門區,臺南市,0.0
2025-02-24,卓溪鄉,花蓮縣,0.0
2025-02-24,南州鄉,屏東縣,0.0
2025-02-24,南投市,南投縣,0.0
2025-02-24,口湖鄉,雲林縣,0.0
2025-02-24,和美鎮,彰化縣,0.0
2025-02-24,員林市,彰化縣,0.0
2025-02-24,四湖鄉,雲林縣,0.0
2025-02-24,土庫鎮,雲林縣,0.0
2025-02-24,埔里鎮,南投縣,0.0
2025-02-24,埔鹽鄉,彰化縣,0.0
2025-02-24,壽豐鄉,花蓮縣,0.0
2025-02-24,大城鄉,彰化縣,0.0
2025-02-24,大埤鄉,雲林縣,0.0
2025-02-24,大村鄉,彰化縣,0.0
2025-02-24,太保市,嘉義縣,0.0
2025-02-24,富里鄉,花蓮縣,0.0
2025-02-24,布袋鎮,嘉義縣,0.0
2025-02-24,彰化市,彰化縣,0.0
2025-02-24,恆春鎮,屏東縣,0.0
2025-02-24,斗六市,雲林縣,0.0
2025-02-24,斗南鎮,雲林縣,0.0
2025-02-24,新城鄉,花蓮縣,0.0
2025-02-24,新港鄉,嘉義縣,0.0
2025-02-24,新營區,臺南市,0.0
2025-02-24,旗山區,高雄市,0.0
2025-02-24,朴子市,嘉義縣,0.0
2025-02-24,東區,新竹市,0.0
2025-02-24,東港鎮,屏東縣,0.0
2025-02-24,東石鄉,嘉義縣,0.0
2025-02-24,枋寮鄉,屏東縣,0.0
2025-02-24,林邊鄉,屏東縣,0.0
2025-02-24,梅山鄉,嘉義縣,0.0
2025-02-24,民雄鄉,嘉義縣,0.0
2025-02-24,水上鄉,嘉義縣,0.0
2025-02-24,水林鄉,雲林縣,0.0
2025-02-24,溪口鄉,嘉義縣,0.0
2025-02-24,溪湖鎮,彰化縣,0.0
2025-02-24,玉里鎮,花蓮縣,0.0
2025-02-24,田中鎮,彰化縣,0.0
2025-02-24,田尾鄉,彰化縣,0.0
2025-02-24,白河區,臺南市,0.0
2025-02-24,社頭鄉,彰化縣,0.0
2025-02-24,福興鄉,彰化縣,0.0
2025-02-24,秀水鄉,彰化縣,0.0
2025-02-24,線西鄉,彰化縣,0.0
2025-02-24,美濃區,高雄市,0.0
2025-02-24,義竹鄉,嘉義縣,0.0
2025-02-24,臺東市,臺東縣,0.0
2025-02-24,臺西鄉,雲林縣,0.0
2025-02-24,花蓮市,花蓮縣,0.0
2025-02-24,芳苑鄉,彰化縣,0.0
2025-02-24,草屯鎮,南投縣,0.0
2025-02-24,萬榮鄉,花蓮縣,0.0
2025-02-24,虎尾鎮,雲林縣,0.0
2025-02-24,褒忠鄉,雲林縣,0.0
2025-02-24,西區,嘉義市,0.0
2025-02-24,豐濱鄉,花蓮縣,0.0
2025-02-24,長治鄉,屏東縣,0.0
2025-02-24,鳳林鎮,花蓮縣,0.0
2025-02-24,鹽水區,臺南市,0.0
2025-02-24,鹿港鎮,彰化縣,0.0
2025-02-24,鹿草鄉,嘉義縣,0.0
2025-02-24,麥寮鄉,雲林縣,0.0
2025-02-25,中埔鄉,嘉義縣,0.0
2025-02-25,二林鎮,彰化縣,0.0
2025-02-25,二水鄉,彰化縣,0.0
2025-02-25,佳冬鄉,屏東縣,0.0
2025-02-25,元長鄉,雲林縣,0.0
2025-02-25,光復鄉,花蓮縣,0.0
2025-02-25,六腳鄉,嘉義縣,0.0
2025-02-25,北港鎮,雲林縣,0.0
2025-02-25,北門區,臺南市,0.0
2025-02-25,卓溪鄉,花蓮縣,0.0
2025-02-25,南州鄉,屏東縣,0.0
2025-02-25,南投市,南投縣,0.0
2025-02-25,口湖鄉,雲林縣,0.0
2025-02-25,和美鎮,彰化縣,0.0
2025-02-25,員林市,彰化縣,0.0
2025-02-25,四湖鄉,雲林縣,0.0
2025-02-25,土庫鎮,雲林縣,0.0
2025-02-25,埔里鎮,南投縣,0.0
2025-02-25,埔鹽鄉,彰化縣,0.0
2025-02-25,壽豐鄉,花蓮縣,0.0
2025-02-25,大城鄉,彰化縣,0.0
2025-02-25,大埤鄉,雲林縣,0.0
2025-02-25,大村鄉,彰化縣,0.0
2025-02-25,太保市,嘉義縣,0.0
2025-02-25,富里鄉,花蓮縣,0.0
2025-02-25,布袋鎮,嘉義縣,0.0
2025-02-25,彰化市,彰化縣,0.0
2025-02-25,恆春鎮,屏東縣,0.0
2025-02-25,斗六市,雲林縣,0.0
2025-02-25,斗南鎮,雲林縣,0.0
2025-02-25,新城鄉,花蓮縣,0.0
2025-02-25,新港鄉,嘉義縣,0.0
2025-02-25,新營區,臺南市,0.0
2025-02-25,旗山區,高雄市,0.0
2025-02-25,朴子市,嘉義縣,0.0
2025-02-25,東區,新竹市,0.0
2025-02-25,東港鎮,屏東縣,0.0
2025-02-25,東石鄉,嘉義縣,0.0
2025-02-25,枋寮鄉,屏東縣,0.0
2025-02-25,林邊鄉,屏東縣,0.0
2025-02-25,梅山鄉,嘉義縣,0.0
2025-02-25,民雄鄉,嘉義縣,0.0
2025-02-25,水上鄉,嘉義縣,0.0
2025-02-25,水林鄉,雲林縣,0.0
2025-02-25,溪口鄉,嘉義縣,0.0
2025-02-25,溪湖鎮,彰化縣,0.0
2025-02-25,玉里鎮,花蓮縣,0.0
2025-02-25,田中鎮,彰化縣,0.0
2025-02-25,田尾鄉,彰化縣,0.0
2025-02-25,白河區,臺南市,0.0
2025-02-25,社頭鄉,彰化縣,0.0
2025-02-25,福興鄉,彰化縣,0.0
2025-02-25,秀水鄉,彰化縣,0.0
2025-02-25,線西鄉,彰化縣,0.0
2025-02-25,美濃區,高雄市,0.0
2025-02-25,義竹鄉,嘉義縣,0.0
2025-02-25,臺東市,臺東縣,0.0
2025-02-25,臺西鄉,雲林縣,0.0
2025-02-25,花蓮市,花蓮縣,0.0
2025-02-25,芳苑鄉,彰化縣,0.0
2025-02-25,草屯鎮,南投縣,0.0
2025-02-25,萬榮鄉,花蓮縣,0.0
2025-02-25,虎尾鎮,雲林縣,0.0
2025-02-25,褒忠鄉,雲林縣,0.0
2025-02-25,西區,嘉義市,0.0
2025-02-25,豐濱鄉,花蓮縣,0.0
2025-02-25,長治鄉,屏東縣,0.0
2025-02-25,鳳林鎮,花蓮縣,0.0
2025-02-25,鹽水區,臺南市,0.0
2025-02-25,鹿港鎮,彰化縣,0.0
2025-02-25,鹿草鄉,嘉義縣,0.0
2025-02-25,麥寮鄉,雲林縣,0.0
2025-02-26,中埔鄉,嘉義縣,0.0
2025-02-26,二林鎮,彰化縣,0.0
2025-02-26,二水鄉,彰化縣,0.0
2025-02-26,佳冬鄉,屏東縣,0.0
2025-02-26,元長鄉,雲林縣,0.0
2025-02-26,光復鄉,花蓮縣,0.0
2025-02-26,六腳鄉,嘉義縣,0.0
2025-02-26,北港鎮,雲林縣,0.0
2025-02-26,北門區,臺南市,0.0
2025-02-26,卓溪鄉,花蓮縣,0.0
2025-02-26,南州鄉,屏東縣,0.0
2025-02-26,南投市,南投縣,0.0
2025-02-26,口湖鄉,雲林縣,0.0
2025-02-26,和美鎮,彰化縣,0.0
2025-02-26,員林市,彰化縣,0.0
2025-02-26,四湖鄉,雲林縣,0.0
2025-02-26,土庫鎮,雲林縣,0.0
2025-02-26,埔里鎮,南投縣,0.0
2025-02-26,埔鹽鄉,彰化縣,0.0
2025-02-26,壽豐鄉,花蓮縣,0.0
2025-02-26,大城鄉,彰化縣,0.0
2025-02-26,大埤鄉,雲林縣,0.0
2025-02-26,大村鄉,彰化縣,0.0
2025-02-26,太保市,嘉義縣,0.0
2025-02-26,富里鄉,花蓮縣,0.0
2025-02-26,布袋鎮,嘉義縣,0.0
2025-02-26,彰化市,彰化縣,0.0
2025-02-26,恆春鎮,屏東縣,0.0
2025-02-26,斗六市,雲林縣,0.0
2025-02-26,斗南鎮,雲林縣,0.0
2025-02-26,新城鄉,花蓮縣,0.0
2025-02-26,新港鄉,嘉義縣,0.0
2025-02-26,新營區,臺南市,0.0
2025-02-26,旗山區,高雄市,0.0
2025-02-26,朴子市,嘉義縣,0.0
2025-02-26,東區,新竹市,0.0
2025-02-26,東港鎮,屏東縣,0.0
2025-02-26,東石鄉,嘉義縣,0.0
2025-02-26,枋寮鄉,屏東縣,0.0
2025-02-26,林邊鄉,屏東縣,0.0
2025-02-26,梅山鄉,嘉義縣,0.0
2025-02-26,民雄鄉,嘉義縣,0.0
2025-02-26,水上鄉,嘉義縣,0.0
2025-02-26,水林鄉,雲林縣,0.0
2025-02-26,溪口鄉,嘉義縣,0.0
2025-02-26,溪湖鎮,彰化縣,0.0
2025-02-26,玉里鎮,花蓮縣,0.0
2025-02-26,田中鎮,彰化縣,0.0
2025-02-26,田尾鄉,彰化縣,0.0
2025-02-26,白河區,臺南市,0.0
2025-02-26,社頭鄉,彰化縣,0.0
2025-02-26,福興鄉,彰化縣,0.0
2025-02-26,秀水鄉,彰化縣,0.0
2025-02-26,線西鄉,彰化縣,0.0
2025-02-26,美濃區,高雄市,0.0
2025-02-26,義竹鄉,嘉義縣,0.0
2025-02-26,臺東市,臺東縣,0.0
2025-02-26,臺西鄉,雲林縣,0.0
2025-02-26,花蓮市,花蓮縣,0.0
2025-02-26,芳苑鄉,彰化縣,0.0
2025-02-26,草屯鎮,南投縣,0.0
2025-02-26,萬榮鄉,花蓮縣,0.0
2025-02-26,虎尾鎮,雲林縣,0.0
2025-02-26,褒忠鄉,雲林縣,0.0
2025-02-26,西區,嘉義市,0.0
2025-02-26,豐濱鄉,花蓮縣,0.0
2025-02-26,長治鄉,屏東縣,0.0
2025-02-26,鳳林鎮,花蓮縣,0.0
2025-02-26,鹽水區,臺南市,0.0
2025-02-26,鹿港鎮,彰化縣,0.0
2025-02-26,鹿草鄉,嘉義縣,0.0
2025-02-26,麥寮鄉,雲林縣,0.0
2025-02-27,中埔鄉,嘉義縣,0.0
2025-02-27,二林鎮,彰化縣,0.0
2025-02-27,二水鄉,彰化縣,0.0
2025-02-27,佳冬鄉,屏東縣,0.0
2025-02-27,元長鄉,雲林縣,0.0
2025-02-27,光復鄉,花蓮縣,0.0
2025-02-27,六腳鄉,嘉義縣,0.0
2025-02-27,北港鎮,雲林縣,0.0
2025-02-27,北門區,臺南市,0.0
2025-02-27,卓溪鄉,花蓮縣,0.0
2025-02-27,南州鄉,屏東縣,0.0
2025-02-27,南投市,南投縣,0.0
2025-02-27,口湖鄉,雲林縣,0.0
2025-02-27,和美鎮,彰化縣,0.0
2025-02-27,員林市,彰化縣,0.0
2025-02-27,四湖鄉,雲林縣,0.0
2025-02-27,土庫鎮,雲林縣,0.0
2025-02-27,埔里鎮,南投縣,0.0
2025-02-27,埔鹽鄉,彰化縣,0.0
2025-02-27,壽豐鄉,花蓮縣,0.0
2025-02-27,大城鄉,彰化縣,0.0
2025-02-27,大埤鄉,雲林縣,0.0
2025-02-27,大村鄉,彰化縣,0.0
2025-02-27,太保市,嘉義縣,0.0
2025-02-27,富里鄉,花蓮縣,0.0
2025-02-27,布袋鎮,嘉義縣,0.0
2025-02-27,彰化市,彰化縣,0.0
2025-02-27,恆春鎮,屏東縣,0.0
2025-02-27,斗六市,雲林縣,0.0
2025-02-27,斗南鎮,雲林縣,0.0
2025-02-27,新城鄉,花蓮縣,0.0
2025-02-27,新港鄉,嘉義縣,0.0
2025-02-27,新營區,臺南市,0.0
2025-02-27,旗山區,高雄市,0.0
2025-02-27,朴子市,嘉義縣,0.0
2025-02-27,東港鎮,屏東縣,0.0
2025-02-27,東石鄉,嘉義縣,0.0
2025-02-27,枋寮鄉,屏東縣,0.0
2025-02-27,林邊鄉,屏東縣,0.0
2025-02-27,梅山鄉,嘉義縣,0.0
2025-02-27,民雄鄉,嘉義縣,0.0
2025-02-27,水上鄉,嘉義縣,0.0
2025-02-27,水林鄉,雲林縣,0.0
2025-02-27,溪口鄉,嘉義縣,0.0
2025-02-27,溪湖鎮,彰化縣,0.0
2025-02-27,玉里鎮,花蓮縣,0.0
2025-02-27,田中鎮,彰化縣,0.0
2025-02-27,田尾鄉,彰化縣,0.0
2025-02-27,白河區,臺南市,0.0
2025-02-27,社頭鄉,彰化縣,0.0
2025-02-27,福興鄉,彰化縣,0.0
2025-02-27,秀水鄉,彰化縣,0.0
2025-02-27,線西鄉,彰化縣,0.0
2025-02-27,美濃區,高雄市,0.0
2025-02-27,義竹鄉,嘉義縣,0.0
2025-02-27,臺東市,臺東縣,0.0
2025-02-27,臺西鄉,雲林縣,0.0
2025-02-27,花蓮市,花蓮縣,0.0
2025-02-27,芳苑鄉,彰化縣,0.0
2025-02-27,草屯鎮,南投縣,0.0
2025-02-27,萬榮鄉,花蓮縣,0.0
2025-02-27,虎尾鎮,雲林縣,0.0
2025-02-27,褒忠鄉,雲林縣,0.0
2025-02-27,西區,嘉義市,0.0
2025-02-27,豐濱鄉,花蓮縣,0.0
2025-02-27,長治鄉,屏東縣,0.0
2025-02-27,鳳林鎮,花蓮縣,0.0
2025-02-27,鹽水區,臺南市,0.0
2025-02-27,鹿港鎮,彰化縣,0.0
2025-02-27,鹿草鄉,嘉義縣,0.0
2025-02-27,麥寮鄉,雲林縣,0.0
2025-02-28,中埔鄉,嘉義縣,0.0
2025-02-28,二林鎮,彰化縣,0.0
2025-02-28,二水鄉,彰化縣,0.0
2025-02-28,佳冬鄉,屏東縣,0.0
2025-02-28,元長鄉,雲林縣,0.0
2025-02-28,光復鄉,花蓮縣,0.0
2025-02-28,六腳鄉,嘉義縣,0.0
2025-02-28,北港鎮,雲林縣,0.0
2025-02-28,北門區,臺南市,0.0
2025-02-28,卓溪鄉,花蓮縣,0.0
2025-02-28,南州鄉,屏東縣,0.0
2025-02-28,南投市,南投縣,0.0
2025-02-28,口湖鄉,雲林縣,0.0
2025-02-28,和美鎮,彰化縣,0.0
2025-02-28,員林市,彰化縣,0.0
2025-02-28,四湖鄉,雲林縣,0.0
2025-02-28,土庫鎮,雲林縣,0.0
2025-02-28,埔里鎮,南投縣,0.0
2025-02-28,埔鹽鄉,彰化縣,0.0
2025-02-28,壽豐鄉,花蓮縣,0.0
2025-02-28,大城鄉,彰化縣,0.0
2025-02-28,大埤鄉,雲林縣,0.0
2025-02-28,大村鄉,彰化縣,0.0
2025-02-28,太保市,嘉義縣,0.0
2025-02-28,富里鄉,花蓮縣,0.0
2025-02-28,布袋鎮,嘉義縣,0.0
2025-02-28,彰化市,彰化縣,0.0
2025-02-28,恆春鎮,屏東縣,0.0
2025-02-28,斗六市,雲林縣,0.0
2025-02-28,斗南鎮,雲林縣,0.0
2025-02-28,新城鄉,花蓮縣,0.0
2025-02-28,新港鄉,嘉義縣,0.0
2025-02-28,新營區,臺南市,0.0
2025-02-28,旗山區,高雄市,0.0
2025-02-28,朴子市,嘉義縣,0.0
2025-02-28,東港鎮,屏東縣,0.0
2025-02-28,東石鄉,嘉義縣,0.0
2025-02-28,枋寮鄉,屏東縣,0.0
2025-02-28,林邊鄉,屏東縣,0.0
2025-02-28,梅山鄉,嘉義縣,0.0
2025-02-28,民雄鄉,嘉義縣,0.0
2025-02-28,水上鄉,嘉義縣,0.0
2025-02-28,水林鄉,雲林縣,0.0
2025-02-28,溪口鄉,嘉義縣,0.0
2025-02-28,溪湖鎮,彰化縣,0.0
2025-02-28,玉里鎮,花蓮縣,0.0
2025-02-28,田中鎮,彰化縣,0.0
2025-02-28,田尾鄉,彰化縣,0.0
2025-02-28,白河區,臺南市,0.0
2025-02-28,社頭鄉,彰化縣,0.0
2025-02-28,福興鄉,彰化縣,0.0
2025-02-28,秀水鄉,彰化縣,0.0
2025-02-28,線西鄉,彰化縣,0.0
2025-02-28,美濃區,高雄市,0.0
2025-02-28,義竹鄉,嘉義縣,0.0
2025-02-28,臺東市,臺東縣,0.0
2025-02-28,臺西鄉,雲林縣,0.0
2025-02-28,花蓮市,花蓮縣,0.0
2025-02-28,芳苑鄉,彰化縣,0.0
2025-02-28,草屯鎮,南投縣,0.0
2025-02-28,萬榮鄉,花蓮縣,0.0
2025-02-28,虎尾鎮,雲林縣,0.0
2025-02-28,褒忠鄉,雲林縣,0.0
2025-02-28,西區,嘉義市,0.0
2025-02-28,豐濱鄉,花蓮縣,0.0
2025-02-28,長治鄉,屏東縣,0.0
2025-02-28,鳳林鎮,花蓮縣,0.0
2025-02-28,鹽水區,臺南市,0.0
2025-02-28,鹿港鎮,彰化縣,0.0
2025-02-28,鹿草鄉,嘉義縣,0.0
2025-02-28,麥寮鄉,雲林縣,0.0
